force_x_max,force_y_max,force_z_max,vb_x_max,vb_y_max,vb_z_max,ae_rms_max,force_x_median,force_y_median,force_z_median,vb_x_median,vb_y_median,vb_z_median,ae_rms_median,force_x_mean,force_y_mean,force_z_mean,vb_x_mean,vb_y_mean,vb_z_mean,ae_rms_mean,force_x_std,force_y_std,force_z_std,vb_x_std,vb_y_std,vb_z_std,ae_rms_std,flute_1
3.658,5.915,3.773,0.878,0.867,0.896,0.022,0.581,0.825,-0.142,0.014,0.019,0.025,0.001,0.574214762,0.815699784,-0.131721868,0.013947841,0.019000421,0.024580615,0.002319835,0.840820731,1.175533544,1.004922329,0.062212965,0.062767738,0.063801888,0.004033006,62.78864802
7.369,12.901,7.631,0.341,0.372,0.436,0.128,1.545,1.539,0.307,-0.005,-0.013,-0.016,0.052,1.611207624,1.80817362,0.542279619,-0.005282399,-0.013053291,-0.015924357,0.054202947,1.401476054,2.634445255,2.150000212,0.074452434,0.080710576,0.083698866,0.015408309,64.13604296
9.726,19.025,9.747,0.398,0.417,0.545,0.21,2.338,2.173,0.538,-0.004,-0.008,-0.012,0.08,2.478925966,2.652418873,1.021492761,-0.004546726,-0.009218393,-0.011162747,0.083658488,1.944627589,3.970516803,3.255617428,0.079252439,0.095603718,0.10284997,0.022583252,65.36527295
10.755,21.51,10.624,0.49,0.456,0.668,0.22,2.682,2.502,0.67,0,-0.002,-0.005,0.096,2.872557142,3.092338257,1.201123381,-0.000521577,-0.003601708,-0.004158196,0.100169185,2.267763458,4.519968016,3.636817014,0.08546541,0.103543786,0.114586419,0.026010707,66.4868801
11.007,22.179,10.588,0.424,0.463,0.612,0.253,2.687,2.127,0.779,0.025,0.033,0.039,0.103,2.900332043,2.656171554,1.312490285,0.023901285,0.030868011,0.041364852,0.108812907,2.244213938,4.561044613,3.675314239,0.090806814,0.11095982,0.119016546,0.030732004,67.51080822
11.757,23.489,12.467,0.39,0.467,0.624,0.306,2.937,2.6735,1.101,-0.001,-0.002,-0.005,0.119,3.188323855,3.255247375,1.738886429,-0.001646358,-0.004552024,-0.0056328,0.124642774,2.406616256,4.885784767,4.191670576,0.084461033,0.108889933,0.113072451,0.033166367,68.44642494
11.168,22.559,12.971,0.383,0.46,0.612,0.291,2.78,2.346,0.914,-0.01,-0.02,-0.029,0.113,3.014898527,2.942042747,1.485398511,-0.010784807,-0.022687234,-0.028670763,0.119725406,2.299507001,4.737669244,3.916415532,0.08702417,0.108246155,0.113320747,0.032885507,69.30254323
11.228,22.464,12.023,0.367,0.448,0.548,0.323,2.846,2.479,0.987,-0.008,-0.011,-0.018,0.118,3.075678371,3.066206301,1.591019987,-0.009102457,-0.014460609,-0.018474668,0.124574486,2.324661681,4.795777133,4.026273075,0.082261605,0.105565202,0.109799943,0.034217795,70.08744241
13.571,33.122,13.306,0.379,0.452,0.581,0.266,2.648,1.383,1.282,0.022,0.029,0.034,0.1,2.985312901,2.6305403,1.861568244,0.020562387,0.026742069,0.03548031,0.105803821,3.248088668,6.276714128,3.944142122,0.084090588,0.107148151,0.114918353,0.028895837,70.8088887
14.152,31.626,15.469,0.399,0.453,0.589,0.319,2.986,2.1,1.585,-0.001,-0.002,-0.006,0.119,3.374299057,3.254673396,2.298289335,-0.001940108,-0.005223146,-0.006283668,0.127145421,3.255309646,6.306466421,4.41242884,0.082247582,0.111730001,0.114400166,0.039029044,71.47415519
13.792,32.213,14.863,0.351,0.412,0.587,0.307,2.779,1.7405,1.438,-0.009,-0.018,-0.025,0.111,3.158225224,2.951026003,2.046250843,-0.009398533,-0.02009374,-0.025278772,0.116235731,3.212842671,6.281110415,4.135182317,0.083352684,0.108830046,0.111579104,0.032223216,72.09004135
13.819,31.165,15.173,0.416,0.463,0.533,0.274,2.884,2.005,1.511,-0.006,-0.009,-0.014,0.117,3.2459667,3.155923655,2.184166807,-0.006857438,-0.012072021,-0.0148258,0.122642943,3.221890589,6.285356409,4.249126479,0.082633689,0.110113452,0.113917985,0.033426465,72.66289207
12.668,26.342,13.905,0.419,0.424,0.608,0.301,2.061,2.185,1.268,0.022,0.031,0.036,0.12,2.558954077,2.812622839,1.985041503,0.021105773,0.027927757,0.037446995,0.126967398,2.899736057,5.843166822,4.367028896,0.083464114,0.111489728,0.116903459,0.036142346,73.19861618
13.205,26.531,15.427,0.43,0.472,0.709,0.292,2.246,2.673,1.528,-0.001,-0.003,-0.007,0.116,2.721143506,3.289521786,2.329021482,-0.002546082,-0.00613642,-0.0073958,0.121835711,2.915284418,5.781400473,4.66396197,0.083727805,0.113587676,0.120649256,0.032918413,73.70270453
14.361,27.242,15.22,0.379,0.468,0.769,0.313,2.345,2.725,1.569,0,-0.001,-0.004,0.113,2.794746516,3.341160313,2.415610242,-0.000941743,-0.004145826,-0.004491421,0.120127719,2.933711907,5.769344602,4.77329781,0.084341131,0.115092601,0.120417485,0.034347263,74.18024756
13.636,28.877,15.555,0.375,0.424,0.71,0.282,2.42,2.865,1.678,0.001,0,-0.004,0.113,2.851557215,3.493496346,2.541762824,-0.000259472,-0.003913465,-0.004284248,0.11835009,2.964821029,5.77681131,4.851560434,0.084748814,0.115740243,0.121250371,0.03279177,74.63595243
13.349,28.283,16.789,0.372,0.426,0.697,0.271,2.539,2.952,1.747,0.001,0.001,-0.003,0.11,2.929980764,3.583081809,2.659738288,-9.73E-06,-0.003349583,-0.003629879,0.115674819,2.985646611,5.807270153,4.955416493,0.08350795,0.116213241,0.121103237,0.032059193,75.07415974
13.834,27.99,16.539,0.373,0.462,0.828,0.264,2.614,3.114,1.841,0.001,0.001,-0.003,0.109,2.997504079,3.727211019,2.78202276,0.000549338,-0.003270159,-0.003329285,0.114777681,2.994802332,5.83260168,4.995013042,0.082368917,0.116208002,0.119980097,0.031431694,75.4988597
12.378,26.888,14.346,0.464,0.416,0.648,0.331,2.162,2.398,1.391,-0.01,-0.019,-0.028,0.118,2.645679317,3.050539604,2.152672145,-0.010586116,-0.021978187,-0.027768528,0.125251326,2.920648042,5.807214447,4.557287824,0.082903407,0.112169338,0.118053381,0.036537592,75.91370798
13.415,26.931,15.296,0.491,0.485,0.707,0.283,2.156,2.556,1.467,-0.005,-0.008,-0.013,0.118,2.632678376,3.183800316,2.239359336,-0.006333612,-0.01137798,-0.014244888,0.124345111,2.899017423,5.766996106,4.526816414,0.08154042,0.110679258,0.118141389,0.034867927,76.32204104
14.496,31.851,16.549,0.435,0.519,0.738,0.32,3.594,2.077,2.004,0.021,0.029,0.032,0.115,3.826091282,3.030921835,2.991817787,0.019038615,0.025546337,0.033917035,0.120577429,3.291753281,6.145848782,5.070005108,0.087754643,0.121418374,0.122050362,0.03407573,76.72689103
14.433,32.562,17.752,0.398,0.501,0.741,0.294,3.873,2.582,2.269,-0.002,-0.001,-0.007,0.113,4.046486107,3.548389519,3.380057131,-0.002239326,-0.005880503,-0.007054336,0.117295604,3.319665841,6.135111368,5.439864342,0.08738517,0.123530499,0.121516481,0.031205204,77.13100039
14.64,31.477,17.793,0.445,0.471,1.027,0.254,3.984,2.674,2.331,0,0.001,-0.004,0.11,4.139381971,3.609749462,3.466415264,-0.000651592,-0.003899047,-0.004279653,0.114434375,3.342256615,6.158471282,5.618433826,0.0863676,0.124384176,0.12131863,0.029412824,77.53683587
14.726,32.047,18.511,0.419,0.525,0.816,0.278,4.04,2.834,2.422,0.001,0.001,-0.003,0.109,4.18686189,3.77294156,3.606883918,-0.00018505,-0.003797416,-0.004216912,0.114568085,3.340553461,6.166695489,5.674537483,0.086028714,0.125074139,0.121582814,0.030472049,77.94660226
15.723,31.834,18.874,0.486,0.51,0.864,0.27,4.128,2.9325,2.5205,0.001,0.002,-0.003,0.109,4.254494434,3.876510612,3.728384374,-9.32E-05,-0.003496589,-0.003913905,0.113798694,3.363365551,6.140411447,5.794196775,0.087336959,0.126271752,0.122198813,0.029585923,78.36225568
14.726,32.645,20.025,0.494,0.523,0.749,0.256,4.198,3.019,2.575,0.001,0.002,-0.003,0.109,4.324200416,3.948163779,3.804359396,0.000112242,-0.003421069,-0.003783447,0.113244839,3.358771901,6.187276964,5.859677885,0.089425367,0.12906619,0.124243162,0.028296314,78.78551648
14.647,33.174,20.741,0.553,0.511,0.738,0.277,4.273,3.089,2.655,0.002,0.002,-0.002,0.107,4.383366044,4.006251469,3.890148655,0.000831997,-0.002802302,-0.002596853,0.111617298,3.388024551,6.179513485,5.962282379,0.091894598,0.131134941,0.127057036,0.028863049,79.21788179
15.323,33.569,20.756,0.515,0.524,0.736,0.294,4.369,3.173,2.707,0.001,0.001,-0.004,0.106,4.457526594,4.084869726,3.992226532,0.00017439,-0.00359174,-0.003912116,0.111441582,3.411824293,6.21398117,6.034538604,0.093350376,0.132822572,0.12763929,0.02913875,79.66063762
15.542,34.876,20.917,0.466,0.512,0.737,0.257,4.376,3.198,2.763,0.001,0.001,-0.004,0.106,4.478762761,4.092207063,4.044110381,0.000223665,-0.003570267,-0.003970495,0.110568861,3.392691685,6.151034164,6.059726344,0.092664184,0.132594243,0.127341801,0.028785796,80.11487062
15,33.614,20.315,0.481,0.633,0.938,0.241,4.486,3.299,2.837,0.001,0.002,-0.004,0.106,4.573043482,4.183786228,4.148098611,0.000310259,-0.003256634,-0.003610631,0.110566057,3.428379651,6.167878889,6.208494987,0.091731324,0.13315824,0.127573059,0.027495404,80.58147952
14.272,31.638,17.4,0.57,0.579,0.745,0.274,3.691,2.305,2.116,-0.009,-0.017,-0.026,0.114,3.906998237,3.262971852,3.143605061,-0.00989872,-0.020735387,-0.026003439,0.119572977,3.262742403,6.103196745,5.239048438,0.088143816,0.122709652,0.121222726,0.032204544,81.06118616
14.271,32.233,18.34,0.445,0.454,0.833,0.256,3.711,2.442,2.198,-0.005,-0.006,-0.012,0.112,3.931773794,3.385058893,3.240396483,-0.005867029,-0.01049144,-0.013283058,0.117260735,3.250563077,6.084480711,5.260406177,0.088101206,0.12250148,0.121316703,0.030506088,81.55454615
16.844,32.508,18.4,0.667,0.517,0.942,0.239,4.16,2.559,1.674,0.021,0.029,0.031,0.104,4.637533767,3.283899378,2.933789087,0.018750722,0.025135797,0.033800997,0.108870267,3.106487322,5.956768254,5.803470817,0.089187219,0.128366337,0.12641665,0.028504061,82.06195924
16.896,32.798,19.595,0.507,0.485,0.803,0.228,4.353,3.002,1.9565,-0.002,-0.001,-0.007,0.102,4.779721143,3.755934943,3.272411418,-0.00253843,-0.006139196,-0.007466816,0.10671244,3.094060378,5.96906242,6.132648361,0.093015151,0.133138919,0.127162246,0.02586473,82.58367929
16.112,33.363,19.629,0.506,0.517,0.926,0.241,4.412,3.158,2.044,-0.001,0,-0.005,0.101,4.848348443,3.891302177,3.394666578,-0.001113247,-0.004684413,-0.004990243,0.10467482,3.101631067,5.979074392,6.215705809,0.092751037,0.133964037,0.127388031,0.026646046,83.11982397
16.373,33.539,20.52,0.511,0.56,0.822,0.277,4.471,3.189,2.066,0,0.002,-0.004,0.099,4.907601418,3.922389538,3.458054491,0.000184351,-0.00310435,-0.003553509,0.103055633,3.107054164,5.99587659,6.30403697,0.090753107,0.13381301,0.125948257,0.026048999,83.67038407
16.34,34.973,20.145,0.499,0.544,0.769,0.254,4.507,3.307,2.138,0.001,0.002,-0.004,0.099,4.942138592,4.011060646,3.564385464,0.000193289,-0.003122945,-0.003274801,0.103221146,3.145630906,5.978689195,6.355424024,0.090259253,0.133120371,0.124744156,0.025645949,84.23523251
17.423,35.483,21.955,0.495,0.528,0.88,0.219,4.575,3.369,2.176,0,0.002,-0.004,0.097,5.009453844,4.098708309,3.661588043,-0.000180935,-0.003728277,-0.004331874,0.10125738,3.148833216,6.002059501,6.462565839,0.090620525,0.134443196,0.125059451,0.025432431,84.81413304
16.576,35.469,22.108,0.47,0.525,0.767,0.231,4.619,3.416,2.252,0.001,0.002,-0.004,0.098,5.046901373,4.11094884,3.716968264,-2.65E-05,-0.003686419,-0.004277529,0.101915281,3.184413388,5.989848214,6.519765704,0.092623151,0.13576951,0.125852646,0.025289225,85.40674866
16.563,35.099,21.253,0.552,0.527,0.854,0.224,4.664,3.464,2.2765,0.001,0.002,-0.004,0.099,5.09785115,4.166919819,3.784773055,0.000814047,-0.002747168,-0.003176103,0.102783387,3.204947281,6.055646343,6.619095039,0.095190162,0.137832708,0.129365692,0.025133704,86.01264963
16.682,34.072,22.878,0.532,0.57,0.801,0.247,4.735,3.562,2.338,0.001,0.002,-0.003,0.097,5.155207363,4.247334644,3.872511667,0.000509083,-0.003129117,-0.003223085,0.102167174,3.237196666,6.02993228,6.64685937,0.094401144,0.137922084,0.127750879,0.026716337,86.63132132
17.432,35.65,22.135,0.529,0.549,0.857,0.251,4.821,3.666,2.405,0,0.002,-0.004,0.098,5.237467477,4.35089621,3.982052025,-0.00025945,-0.003722918,-0.004055061,0.102241416,3.285279793,6.085550135,6.752983444,0.094154416,0.139258841,0.127947934,0.025651623,87.26217167
17.12,34.586,22.803,0.598,0.563,0.931,0.23,4.838,3.734,2.494,0.001,0.003,-0.004,0.097,5.270567643,4.430361536,4.072187987,0.000686407,-0.003044897,-0.003159173,0.102488447,3.305298651,6.088868279,6.77085136,0.092858936,0.138529546,0.127106095,0.026655086,87.90453839
17.862,36.558,23.094,0.535,0.573,0.916,0.224,4.888,3.786,2.527,0,0.002,-0.004,0.097,5.302645,4.475577072,4.125019308,-0.000518882,-0.00414535,-0.004685297,0.10168218,3.330885394,6.074256773,6.788799193,0.092981191,0.139126655,0.127994766,0.025476095,88.55769588
17.705,36.825,23.959,0.639,0.549,0.87,0.226,4.967,3.882,2.591,0.001,0.003,-0.004,0.098,5.372650008,4.550471708,4.227293936,-2.37E-06,-0.003712272,-0.003971235,0.10144481,3.374881768,6.081207876,6.88182741,0.095467678,0.141139533,0.12898121,0.024943331,89.22086191
17.018,36.227,23.222,0.51,0.582,0.758,0.229,5.056,3.977,2.636,0.002,0.004,-0.002,0.097,5.447568046,4.634384289,4.301929305,0.001133304,-0.00227734,-0.002332503,0.101268689,3.405012287,6.13864315,6.992876299,0.097031207,0.143313037,0.130271724,0.025386969,89.89320394
15.802,32.309,18.75,0.448,0.557,0.883,0.24,4.227,2.706,1.796,-0.008,-0.015,-0.025,0.103,4.691535624,3.489879042,3.064912068,-0.008698169,-0.019116337,-0.024265476,0.108057518,3.050064378,5.95960261,5.984221268,0.09062755,0.130297231,0.126740965,0.027760596,90.57384526
17.025,35.459,22.639,0.581,0.567,0.821,0.238,5.071,4.048,2.7115,0,0.002,-0.005,0.096,5.455206609,4.691880872,4.36931541,-0.000223587,-0.004178532,-0.004837086,0.100315748,3.420118304,6.107369919,6.973014648,0.098673123,0.143283601,0.130899129,0.02487195,91.26187086
17.629,35.927,23.421,0.63,0.624,0.945,0.22,5.163,4.079,2.768,0.001,0.003,-0.004,0.096,5.525875059,4.722468668,4.44504198,0.000461689,-0.003135342,-0.003480516,0.101519306,3.462160407,6.151221137,7.062179975,0.098323955,0.143911151,0.131779709,0.025495057,91.956333
17.237,35.221,23.549,0.554,0.61,0.945,0.226,5.217,4.157,2.809,0,0.002,-0.004,0.097,5.538822079,4.797632697,4.508128166,6.10E-05,-0.003633299,-0.003883738,0.101192112,3.477590225,6.099227524,7.087648588,0.097525631,0.143903209,0.130757504,0.024565822,92.65625657
17.441,35.901,24.033,0.561,0.608,0.932,0.213,5.304,4.221,2.87,0,0.002,-0.005,0.096,5.608668787,4.854754322,4.589612134,-0.00035835,-0.004189736,-0.004538813,0.100698883,3.522921916,6.169415453,7.165568064,0.097134426,0.144495425,0.129965804,0.024873812,93.36064421
18.079,36.737,24.768,0.583,0.661,0.991,0.259,5.341,4.276,2.934,0,0.002,-0.005,0.095,5.621009148,4.920153193,4.659003139,-0.000236839,-0.004053478,-0.004656469,0.100675007,3.530230391,6.133317747,7.162752105,0.098455931,0.145210948,0.131704103,0.025934393,94.06848117
17.604,35.972,24.048,0.63,0.744,0.921,0.227,5.427,4.337,2.978,0.002,0.004,-0.003,0.096,5.67091474,4.960854594,4.740905893,0.001032902,-0.002613474,-0.002567915,0.102065604,3.57513398,6.136224317,7.235737959,0.101196736,0.147745567,0.134055629,0.026509822,94.77873996
18.124,36.786,24.175,0.597,0.673,0.877,0.218,5.488,4.325,3.016,0,0.003,-0.005,0.095,5.698632001,4.939810326,4.778609931,-0.000171342,-0.004044938,-0.004642146,0.099769814,3.586185314,6.100129152,7.253281374,0.102230521,0.148280639,0.134333835,0.02508142,95.49038474
18.127,37.567,24.28,0.594,0.645,0.861,0.239,5.609,4.41,3.068,0,0.003,-0.005,0.094,5.793448184,5.039988036,4.876716622,6.50E-05,-0.003615867,-0.003775876,0.099659482,3.663014846,6.130840921,7.36308781,0.102043466,0.149423789,0.135399944,0.025620363,96.20237554
18.221,37.861,26.088,0.526,0.582,1.078,0.21,5.635,4.472,3.13,0,0.003,-0.004,0.094,5.794120095,5.087053594,4.933934735,0.000125246,-0.003656085,-0.003784602,0.099260027,3.702007672,6.152985886,7.394288907,0.100448747,0.148570067,0.132322741,0.024426654,96.91367223
18.348,36.394,25.861,0.558,0.654,0.86,0.205,5.722,4.53,3.173,0.001,0.003,-0.004,0.094,5.849143383,5.151431234,5.015230178,0.000426888,-0.003273669,-0.003688787,0.099524368,3.741799345,6.143664331,7.452248091,0.099149471,0.149961534,0.131319827,0.024615647,97.62323828
16.02,31.817,18.199,0.509,0.526,0.848,0.273,4.308,2.873,1.903,-0.006,-0.007,-0.014,0.103,4.738510444,3.647755217,3.183164707,-0.00630683,-0.011513327,-0.014308201,0.107924036,3.095031525,5.95824313,6.086589173,0.092663988,0.132414947,0.128559839,0.026426585,98.33004431
18.708,37.482,26.158,0.654,0.599,0.95,0.216,5.786,4.577,3.209,0.001,0.004,-0.004,0.095,5.884150616,5.228643181,5.098791154,0.000727528,-0.002752252,-0.003207317,0.100093033,3.767909968,6.132076778,7.531941654,0.101095364,0.151667436,0.132720587,0.024881908,99.03307145
18.732,37.005,25.116,0.588,0.638,0.866,0.206,5.892,4.648,3.248,0.001,0.003,-0.004,0.094,5.955284289,5.303351668,5.180219889,8.40E-05,-0.003409874,-0.003586584,0.09914885,3.822575451,6.171022081,7.610396009,0.103020026,0.154199454,0.134422544,0.025117008,99.73131453
18.861,38.666,25.643,0.619,0.635,0.95,0.221,5.956,4.756,3.307,0.001,0.003,-0.005,0.093,5.993530645,5.376535227,5.258802409,-1.47E-05,-0.003513592,-0.003948913,0.098787971,3.839845828,6.179566383,7.672921133,0.10524052,0.155876998,0.136309308,0.025360988,100.423785
18.452,38.76,26.494,0.592,0.669,0.944,0.273,6.035,4.833,3.325,0.001,0.004,-0.004,0.091,6.061027876,5.436750653,5.343827155,0.000322729,-0.003115911,-0.003459446,0.096990745,3.890671272,6.216853213,7.772679671,0.10419553,0.156151529,0.135540778,0.026072529,101.1095138
18.658,38.702,27.639,0.752,0.667,1.033,0.226,6.102,4.9,3.393,0,0.003,-0.005,0.095,6.106192139,5.511624185,5.425728593,0.000134745,-0.003451036,-0.003848888,0.099513731,3.976906229,6.195433691,7.855813615,0.104327712,0.156853396,0.136404259,0.024755811,101.7875539
18.802,37.588,26.847,0.693,0.622,0.998,0.237,6.187,4.933,3.432,0,0.004,-0.004,0.094,6.165084736,5.562550086,5.487006817,5.18E-05,-0.003423382,-0.003732196,0.099091283,3.997763603,6.197168676,7.952584632,0.103695686,0.157185156,0.136055497,0.026274669,102.4569826
17.272,35.861,24.015,0.707,0.719,1.004,0.254,5.881,3.005,1.575,0.023,0.033,0.035,0.098,5.849138823,3.674398856,3.540480057,0.020774488,0.026911698,0.035951028,0.104850198,4.019347733,6.235173157,7.530584096,0.102401339,0.156727601,0.133906495,0.029482142,103.1169041
17.491,33.546,24.019,0.548,0.603,1.014,0.212,6.106,3.379,1.787,-0.002,0,-0.008,0.091,6.086770645,4.03499824,3.907693025,-0.002126717,-0.005546397,-0.006639109,0.097418486,4.152813454,6.2287113,8.037101424,0.106862147,0.164570207,0.139057254,0.02618197,103.7664512
16.852,33.814,24.254,0.676,0.628,1.161,0.262,6.139,3.526,1.878,0,0.004,-0.005,0.092,6.127068355,4.151325499,4.004337323,-0.000516117,-0.003751241,-0.004237902,0.0979609,4.207156199,6.219218312,8.120375544,0.105479917,0.163026555,0.137970655,0.027965456,104.4047877
17.47,34.211,25.144,0.614,0.686,0.929,0.262,6.2265,3.684,1.961,-0.001,0.001,-0.008,0.091,6.212433939,4.31719916,4.146537305,-0.001389963,-0.005495778,-0.006243788,0.097706701,4.267080768,6.243932993,8.256085577,0.104737216,0.164043495,0.138583341,0.027748204,105.0311097
17.695,35.273,25.856,0.65,0.712,1.005,0.219,6.267,3.752,2.0345,0.001,0.004,-0.005,0.09,6.254592884,4.391915484,4.237531841,0.000405126,-0.002706503,-0.002977212,0.096290768,4.31725359,6.219935819,8.261058218,0.105464415,0.165299355,0.138486745,0.025513705,105.6446474
17.884,36.415,25.764,0.687,0.742,1.055,0.233,6.33,3.85,2.08,0.002,0.005,-0.003,0.091,6.340530224,4.471465412,4.333123915,0.001396264,-0.002048242,-0.002047385,0.097403418,4.392973532,6.254668843,8.400896362,0.107797896,0.16739587,0.140690653,0.027550799,106.2446665
17.732,35.009,25.703,0.753,0.715,0.997,0.217,6.338,3.871,2.114,0,0.002,-0.007,0.09,6.35175625,4.520383258,4.408436204,-0.001132804,-0.00515946,-0.005698533,0.095225353,4.441477057,6.263556883,8.440392843,0.10741102,0.16732157,0.140547369,0.025232598,106.8304699
18.18,36.213,26.726,0.569,0.652,0.92,0.227,6.417,3.954,2.187,0.001,0.004,-0.004,0.088,6.443773245,4.586235511,4.505932933,0.00038636,-0.00291848,-0.003253165,0.093974402,4.525494471,6.277819565,8.589066234,0.108752822,0.170203405,0.141884885,0.025114771,107.4013983
18.272,36.353,27.876,0.746,0.658,0.942,0.241,6.452,4.017,2.201,0.001,0.005,-0.004,0.089,6.496928422,4.641948962,4.587769217,0.000563582,-0.002879974,-0.003118498,0.096045095,4.564213241,6.292294276,8.692496334,0.107867163,0.16857478,0.142185084,0.027428368,107.9568315
18.536,36.208,26.821,0.704,0.706,1.001,0.264,6.54,4.137,2.3,0,0.004,-0.006,0.088,6.585687863,4.745968436,4.696234374,-0.000269638,-0.004092867,-0.004224885,0.094809799,4.64307043,6.299631502,8.772315631,0.106488912,0.169633208,0.140389136,0.026274939,108.4961893
19.855,37.175,27.78,0.605,0.701,1.058,0.24,6.569,4.1525,2.3275,0.001,0.004,-0.005,0.089,6.623843751,4.783725112,4.758943702,0.000441216,-0.003092298,-0.003528918,0.095284356,4.696688002,6.318584883,8.832497673,0.107437943,0.170666954,0.142036494,0.027403477,109.0189324
17.115,34.303,23.958,0.611,0.679,1.039,0.257,5.967,3.189,1.672,-0.009,-0.014,-0.027,0.094,5.944941867,3.868651916,3.693356409,-0.009684586,-0.020559225,-0.025782806,0.10123394,4.034434439,6.268008184,7.74470298,0.105754033,0.161375531,0.137601937,0.029223693,109.524563
18.735,36.164,29.261,0.717,0.667,1.015,0.241,6.595,4.21,2.38,0.001,0.005,-0.005,0.088,6.649650139,4.826391853,4.82685319,0.000757689,-0.002810251,-0.002958141,0.094635897,4.72599766,6.290100687,8.872829632,0.108588074,0.171010799,0.141644156,0.026260196,110.0126251
18.795,36.504,29.329,0.715,0.658,1.021,0.229,6.671,4.307,2.393,0.001,0.004,-0.005,0.088,6.714649595,4.895883396,4.90642805,-0.000306129,-0.00391454,-0.004227367,0.094758725,4.79197112,6.277640399,8.940310968,0.111723926,0.17428304,0.143192935,0.026614066,110.4827052
19.484,36.606,28.718,0.706,0.804,1.039,0.243,6.75,4.401,2.462,0.002,0.005,-0.004,0.089,6.803607699,4.989488165,5.005405429,0.001024673,-0.002507722,-0.002517776,0.094992714,4.866229428,6.285529627,9.065258257,0.110268225,0.174061336,0.143063765,0.026206102,110.9344325
19.392,36.758,30.019,0.579,0.646,1.066,0.253,6.799,4.424,2.49,0,0.004,-0.006,0.088,6.852416121,4.997275533,5.070982363,4.30E-06,-0.003837571,-0.004147809,0.094104014,4.925063044,6.288754886,9.127735321,0.108780555,0.174033921,0.142278245,0.026406992,111.3674791
19.628,37.596,29.164,0.664,0.746,1.047,0.23,6.845,4.496,2.564,0.001,0.005,-0.005,0.087,6.905224599,5.058436044,5.148325415,0.000630811,-0.00299568,-0.003028491,0.094074743,4.972197234,6.279347967,9.164262384,0.108819628,0.17410388,0.142000548,0.027619947,111.7815604
19.314,37.614,30.23,0.725,0.736,1.136,0.244,6.847,4.546,2.571,0,0.004,-0.006,0.087,6.921431809,5.106612254,5.212855181,-0.000554544,-0.004430569,-0.004654744,0.094488201,5.039173987,6.269204255,9.197202301,0.109203203,0.174852747,0.14227112,0.027354991,112.1764343
20.043,37.173,29.779,0.575,0.839,1.109,0.224,6.932,4.61,2.634,0.001,0.005,-0.005,0.089,6.987239117,5.16200862,5.286665652,0.000426262,-0.003263459,-0.003577399,0.095668382,5.096732189,6.261691125,9.271783475,0.109441889,0.176019805,0.14126185,0.02676208,112.5519021
20.394,37.313,30.307,0.663,0.735,1.222,0.239,6.962,4.735,2.697,0.001,0.004,-0.006,0.087,7.031867435,5.288674832,5.407007014,0.000203063,-0.003547299,-0.003833023,0.094334397,5.170309352,6.282360645,9.357197,0.111985027,0.178596942,0.143563483,0.027670018,112.9078077
21.258,38.715,30.656,0.629,0.737,0.975,0.232,7.025,4.787,2.763,0.002,0.006,-0.004,0.089,7.100385525,5.338397354,5.485204468,0.001219886,-0.001993391,-0.002258943,0.095511537,5.257602801,6.303940587,9.46811445,0.113873763,0.17994182,0.145423802,0.026837671,113.2440373
20.799,41.128,31.307,0.666,0.712,1.025,0.231,6.984,4.8585,2.776,0,0.004,-0.006,0.087,7.089108018,5.421854508,5.539711581,-5.67E-05,-0.004204647,-0.004449721,0.094030167,5.336878535,6.289785091,9.479873942,0.110875373,0.178484653,0.141063686,0.028225231,113.5605194
17.137,34.699,25.769,0.673,0.65,1.135,0.248,5.993,3.294,1.7635,-0.007,-0.006,-0.016,0.092,5.976157622,3.967098635,3.805959431,-0.007446341,-0.012535765,-0.015604803,0.099048353,4.063705187,6.224970063,7.835856724,0.106265499,0.162986275,0.138258085,0.027523149,113.8572241
21.208,38.567,30.885,0.71,0.735,1.056,0.223,7.1,4.931,2.865,0.001,0.004,-0.005,0.087,7.186117292,5.490418578,5.63412706,0.000132822,-0.003295944,-0.003550088,0.094060668,5.40036351,6.314776789,9.566387826,0.111758954,0.18086228,0.142985949,0.026614402,114.1341627
21.472,38.792,31.26,0.793,0.736,1.095,0.236,7.1125,4.966,2.905,0.001,0.004,-0.006,0.088,7.196958764,5.519642402,5.703239109,0.000218803,-0.003461929,-0.003867471,0.094065349,5.455927137,6.313118387,9.59432295,0.113325899,0.182425434,0.143446551,0.027236995,114.391387
21.658,38.75,31.468,0.8,0.754,1.169,0.229,7.165,5.0585,2.939,0.002,0.006,-0.003,0.087,7.256594651,5.597968346,5.780707819,0.001441475,-0.001792946,-0.001623629,0.094019385,5.542236104,6.302894071,9.641320167,0.116697518,0.185362159,0.145104265,0.027367503,114.6289887
22.271,37.547,30.909,0.721,0.886,1.106,0.255,7.204,5.1025,2.993,0.001,0.003,-0.006,0.088,7.300297391,5.648580315,5.853612296,0.000105117,-0.003785475,-0.0040776,0.095209246,5.621098378,6.28562301,9.70637143,0.118957757,0.187168805,0.147735137,0.02889654,114.8470987
22.015,38.357,31.661,0.67,0.829,1.085,0.219,7.246,5.154,3.034,0.001,0.005,-0.004,0.089,7.364613697,5.689724665,5.914526068,0.000664278,-0.002693316,-0.002984503,0.095642361,5.693119226,6.350414313,9.816214312,0.118370885,0.186340588,0.146917208,0.028193578,115.0458861
22.324,38.526,31.254,0.926,0.869,1.132,0.239,7.287,5.238,3.115,0.001,0.005,-0.005,0.088,7.399372546,5.757118888,5.999395801,0.00037059,-0.003339465,-0.003498525,0.095104903,5.781160825,6.315376619,9.838307689,0.116826761,0.185644688,0.144716882,0.028191097,115.2255578
22.712,40.845,34.449,0.862,0.727,1.171,0.255,7.343,5.314,3.151,0.001,0.004,-0.006,0.088,7.484315155,5.834170635,6.105835609,0.000403465,-0.003443515,-0.003690423,0.095933936,5.883838071,6.373345632,10.00377191,0.117133823,0.187588145,0.146104698,0.029594311,115.386357
23.56,41.713,32.197,0.717,0.764,1.023,0.268,7.396,5.339,3.177,0.001,0.005,-0.005,0.089,7.535648085,5.881317457,6.188089155,0.000896595,-0.00251035,-0.002582755,0.096085502,5.974044617,6.387734667,10.07977296,0.120501242,0.190763544,0.149894207,0.030113682,115.5285627
23.615,39.012,34.049,0.651,0.779,1.04,0.241,7.458,5.432,3.246,0.002,0.005,-0.004,0.089,7.609754197,5.965347492,6.263528093,0.000766873,-0.002729894,-0.002803537,0.096965309,6.050833996,6.408336413,10.13836622,0.120305786,0.191919118,0.148043888,0.02916717,115.6524886
22.706,37.234,27.139,0.902,0.809,1.432,0.231,6.672,3.664,0.664,0.024,0.035,0.036,0.088,6.793750796,4.168772255,3.421037548,0.020691556,0.026312429,0.035161196,0.095874913,5.954793315,6.286651724,9.504342613,0.118221905,0.184202034,0.143610743,0.029681466,115.7584818
23.755,40.175,28.774,0.777,0.75,1.12,0.245,6.907,4.109,0.888,-0.002,0.003,-0.01,0.086,7.033050567,4.61396165,3.824065865,-0.002964166,-0.006721461,-0.00797042,0.093713388,6.190975428,6.3403359,10.03500214,0.120478828,0.1891703,0.14855283,0.028918869,115.8469217
23.207,37.19,29.929,0.805,0.92,1.173,0.249,6.92,4.131,0.905,0.001,0.006,-0.005,0.086,7.079343367,4.642160799,3.883994319,0.000340201,-0.002805309,-0.003027992,0.09438761,6.2849469,6.364963665,10.09638759,0.124458432,0.193418461,0.152370023,0.03069971,115.9182194
24.347,39.697,29.988,0.832,0.876,1.2,0.259,6.971,4.282,0.974,0,0.005,-0.006,0.087,7.142402765,4.755873838,3.986474376,-6.24E-05,-0.003506345,-0.003650388,0.095347867,6.374537734,6.334596628,10.21002346,0.125263922,0.194934272,0.153021784,0.03014718,115.9728158
24.376,39.834,31.744,0.891,0.836,1.305,0.237,6.986,4.338,1.015,0,0.006,-0.005,0.087,7.174240962,4.844780505,4.07826945,0.000392346,-0.003183918,-0.002937725,0.095269601,6.482283902,6.377920886,10.27961563,0.125213901,0.195511989,0.152937004,0.030852451,116.0111807
25.044,38.873,29.753,0.824,0.827,1.136,0.28,7.06,4.475,1.072,0.001,0.007,-0.005,0.088,7.28004584,4.958096288,4.191087595,0.000271063,-0.002975362,-0.003153898,0.095953463,6.570777311,6.406592961,10.38801915,0.12500421,0.195958191,0.15287469,0.031476866,116.0338116
24.676,39.082,31.102,0.957,0.872,1.274,0.234,7.102,4.519,1.128,0.002,0.006,-0.005,0.089,7.332688347,5.024223749,4.291630998,0.000615958,-0.0030307,-0.003079545,0.096591247,6.669772114,6.37309466,10.45289792,0.127292729,0.198187299,0.155028061,0.030872334,116.0412323
25.023,38.923,31.149,0.972,0.885,1.409,0.254,7.126,4.579,1.1765,0.001,0.006,-0.005,0.091,7.390900814,5.084299969,4.368288398,0.000379386,-0.002952255,-0.00302217,0.099204761,6.770112437,6.395312154,10.55274942,0.129998313,0.201115599,0.158002014,0.030838666,116.0412323
25.446,40.082,32.285,0.983,0.86,1.209,0.26,7.125,4.652,1.271,0.001,0.006,-0.005,0.092,7.418136894,5.14309155,4.443908888,0.001142148,-0.002536465,-0.002396072,0.100098644,6.848190658,6.363502462,10.54340465,0.129346129,0.200229412,0.157742904,0.032440576,116.0412323
25.71,40.786,33.405,0.985,0.829,1.149,0.265,7.22,4.716,1.286,0,0.005,-0.007,0.093,7.527931863,5.209820839,4.547483269,-0.000116028,-0.004086666,-0.004314374,0.100437497,6.971652242,6.4553883,10.67343695,0.131528091,0.204281696,0.160008569,0.030673809,116.0412323
25.952,38.957,31.668,0.891,0.811,1.291,0.298,7.191,4.796,1.349,0.002,0.007,-0.004,0.095,7.518498925,5.272056087,4.591783341,0.001217133,-0.001891791,-0.001859305,0.102724283,7.032362278,6.405620127,10.67608094,0.12752826,0.201221761,0.155275941,0.033317975,116.0412323
23.05,38.426,28.308,0.923,0.83,1.221,0.246,6.811,3.875,0.779,-0.008,-0.009,-0.026,0.086,6.910481947,4.363278429,3.59779259,-0.008609186,-0.018649732,-0.023304714,0.094081511,6.008886253,6.325515076,9.818778184,0.117508273,0.185813703,0.145749237,0.030787527,116.0412323
26.036,40.104,33.902,0.973,0.906,1.918,0.248,7.28,4.812,1.385,0,0.005,-0.007,0.093,7.610245932,5.323890535,4.691210608,8.01E-05,-0.003652355,-0.00401483,0.100884373,7.131702272,6.457513757,10.78597654,0.129759884,0.204523364,0.15712692,0.031325189,116.0412323
26.328,38.769,32.644,1.129,0.925,1.377,0.245,7.2935,4.881,1.436,0.001,0.005,-0.006,0.094,7.635690006,5.388664862,4.770290201,0.000801764,-0.002917102,-0.002617765,0.101778323,7.221284139,6.428081109,10.84316861,0.131814019,0.204649787,0.158546465,0.0315219,116.0412323
26.796,42.69,33.174,0.92,0.913,1.393,0.248,7.363,4.961,1.494,0,0.004,-0.007,0.094,7.735217898,5.460110965,4.885910934,-7.94E-05,-0.003630907,-0.004303209,0.102799687,7.308831536,6.454371649,10.94818377,0.136225585,0.210815402,0.16203954,0.032299915,116.0412323
27.46,40.855,32.987,1.039,1.14,1.704,0.276,7.343,5,1.595,0.002,0.007,-0.005,0.095,7.741011898,5.510561574,4.956437662,0.001266878,-0.002195775,-0.001853617,0.103820618,7.381216773,6.429559554,10.94820151,0.136403313,0.209878318,0.16443782,0.033728084,116.0412323
27.259,42.392,34.399,1.074,0.922,1.389,0.279,7.439,5.102,1.612,0,0.004,-0.007,0.097,7.845545645,5.605298886,5.052263681,7.88E-05,-0.003656294,-0.003882888,0.105696732,7.501387279,6.478876419,11.09388839,0.137780364,0.212858833,0.164521691,0.033138965,116.0412323
27.609,40.38,34.519,0.949,0.978,1.269,0.249,7.452,5.132,1.649,0,0.005,-0.008,0.096,7.88334375,5.628222344,5.102749656,0.000206261,-0.00348231,-0.003603433,0.10537986,7.583768281,6.474514819,11.1711756,0.138032949,0.214453071,0.16414049,0.03265486,116.0412323
28.765,40.634,33.246,1.109,0.908,1.645,0.255,7.444,5.174,1.659,0.002,0.005,-0.006,0.099,7.928738695,5.700755345,5.186984863,0.001039097,-0.002559812,-0.002597753,0.107235269,7.693928478,6.486471224,11.27554529,0.137424364,0.213330445,0.165306905,0.03424462,116.0412323
28.455,39.7,33.964,0.775,0.909,1.212,0.256,7.509,5.255,1.684,0.001,0.005,-0.006,0.1,7.987884058,5.770239635,5.26445134,0.000382045,-0.003149852,-0.003175381,0.107123448,7.773894519,6.471185712,11.33157576,0.137091388,0.213648515,0.163924516,0.031941069,116.0412323
28.697,41.716,33.818,0.993,1.017,1.309,0.269,7.625,5.359,1.811,0.001,0.006,-0.006,0.1,8.086596509,5.860809902,5.382193994,0.000626562,-0.002735783,-0.002751505,0.1090216,7.858790112,6.534296276,11.46028378,0.143486976,0.220017289,0.168565958,0.033779005,116.0412323
28.41,40.092,34.769,0.943,0.916,1.385,0.296,7.641,5.386,1.848,0.001,0.005,-0.006,0.102,8.10626239,5.898879398,5.43415454,0.000654761,-0.002964241,-0.003110049,0.109706974,7.932026161,6.51430801,11.50720751,0.144656139,0.220188603,0.17176643,0.033851466,116.0412323
22.127,38.005,29.311,0.877,0.739,1.424,0.232,6.854,3.975,0.835,-0.006,-0.002,-0.016,0.086,6.95961372,4.472156793,3.69722237,-0.006243168,-0.011541305,-0.013930744,0.094351759,6.095618631,6.302174478,9.903625271,0.120026863,0.188580681,0.147482765,0.029978567,116.0412323
30.373,41.222,36.381,1.097,1.16,1.357,0.278,7.717,5.422,1.8605,0.002,0.006,-0.006,0.102,8.22995263,5.941328837,5.54139949,0.001043033,-0.002455985,-0.002237606,0.110662557,8.112963647,6.555218508,11.70760086,0.146529489,0.222917272,0.172904798,0.033321871,116.0412323
29.872,42.757,35.689,1.071,0.934,1.586,0.293,7.686,5.409,1.933,0,0.005,-0.007,0.104,8.211211386,5.934236975,5.572742444,0.000404156,-0.00327347,-0.003552458,0.112447747,8.141028322,6.510437602,11.68648731,0.142919104,0.21941893,0.168738264,0.033580217,116.0412323
30.04,40.484,35.241,1.221,1.005,1.412,0.291,7.8,5.477,1.9545,0.001,0.007,-0.006,0.105,8.315704327,6.015118706,5.692397998,0.000790408,-0.002573681,-0.002716157,0.112321452,8.263923366,6.573313346,11.88798352,0.147631464,0.224543126,0.173528685,0.034563641,116.0412323
30.411,42.032,34.782,1.229,1.133,1.63,0.283,7.806,5.556,1.987,0.001,0.005,-0.006,0.105,8.320337813,6.069754885,5.752212521,0.000408671,-0.003280984,-0.003174985,0.113184712,8.336103628,6.514162404,11.84613288,0.151284414,0.22899325,0.175147654,0.034193553,116.0412323
30.435,40.464,37.205,1.099,1.003,1.455,0.286,7.846,5.642,2.036,0.001,0.006,-0.006,0.107,8.410686715,6.165586246,5.86040212,0.000987493,-0.002535382,-0.002542068,0.114952468,8.497747972,6.554289313,11.99372787,0.147429354,0.225505687,0.174584928,0.035059043,116.0412323
31.781,42.399,37.383,1.117,0.945,1.642,0.291,7.883,5.693,2.075,0.001,0.006,-0.007,0.108,8.448361826,6.233675493,5.936189148,0.000448712,-0.003292569,-0.003485145,0.116078746,8.582141752,6.55899223,12.03318032,0.151205058,0.229343022,0.176838063,0.034584602,116.0412323
31.207,40.604,36.53,1.266,1.015,1.366,0.298,7.9,5.737,2.155,0.001,0.004,-0.007,0.107,8.469482798,6.267771287,5.986038843,0.000236426,-0.003302097,-0.003553394,0.114680007,8.636323686,6.537309802,11.9647462,0.149211112,0.227642665,0.172308201,0.034351686,116.0412323
32.238,41.982,36.024,1.166,0.979,1.468,0.294,7.856,5.733,2.197,0.001,0.006,-0.006,0.106,8.411130422,6.273415486,5.983907679,0.000895417,-0.002385037,-0.002572683,0.11492833,8.660258853,6.484965413,11.85502758,0.150860305,0.227163189,0.174861849,0.03568349,116.0412323
31.521,41.719,36.58,1.474,1.025,1.661,0.288,7.894,5.816,2.213,0.001,0.005,-0.007,0.109,8.445766803,6.338069434,6.05705797,0.000642408,-0.002948818,-0.002949382,0.115815076,8.746879608,6.491917195,11.86553731,0.148635405,0.224999933,0.175321158,0.03374807,116.0412323
31.021,38.861,33.136,1.104,0.947,1.309,0.329,7.544,4.082,1.241,0.018,0.026,0.025,0.097,8.165532757,4.629160475,4.845648559,0.016296023,0.019501437,0.026148478,0.106651519,8.87627132,6.66857287,11.49582179,0.140467914,0.216422911,0.166068243,0.038335897,116.0412323
32.141,42.22,37.092,0.988,1.073,1.321,0.263,7.8145,4.521,1.363,-0.001,0.003,-0.009,0.097,8.490184638,5.024231917,5.257084332,-0.00144739,-0.005212074,-0.00620623,0.105257481,9.272160267,6.792164298,12.14227614,0.146507003,0.224754907,0.175513738,0.034219289,116.0412323
32.568,40.795,35.566,1.014,1.27,1.345,0.291,7.907,4.624,1.437,0,0.004,-0.007,0.102,8.546681525,5.126006536,5.338915334,-2.69E-05,-0.003522823,-0.003806897,0.108644996,9.371259051,6.76480302,12.19740952,0.149228644,0.227727225,0.173656206,0.034360988,116.0412323
33.285,45.058,37.553,1.104,1.072,1.291,0.298,7.99,4.781,1.502,0.001,0.006,-0.005,0.101,8.663985111,5.281087719,5.488900011,0.00095487,-0.002204108,-0.002210908,0.108835133,9.552959755,6.826593585,12.36662345,0.14986096,0.228632201,0.175743243,0.033426035,116.0412323
33.931,41.726,36.743,1.123,1.058,1.357,0.243,7.976,4.85,1.557,0.001,0.004,-0.006,0.1,8.687858718,5.384717836,5.590982858,0.000189965,-0.00356385,-0.003702434,0.107711877,9.666512695,6.868330802,12.46002974,0.153428807,0.231853494,0.179726357,0.032906655,116.0412323
34.481,42.137,36.654,1.081,1.064,1.232,0.275,8.085,4.925,1.602,0.001,0.005,-0.005,0.103,8.800436518,5.443090998,5.683885629,0.000904877,-0.002491846,-0.002485031,0.110762114,9.831533522,6.85670752,12.60168898,0.155080472,0.232988105,0.180754639,0.034062215,116.0412323
34.701,42.96,37.134,1.169,1.054,1.323,0.269,8.091,4.989,1.664,0.002,0.005,-0.005,0.102,8.847714488,5.528127303,5.773388218,0.00118456,-0.002169946,-0.0019567,0.109891908,9.947307284,6.896806892,12.70257138,0.154402248,0.233564291,0.18137945,0.034033704,116.0412323
35.314,43.531,37.629,1.088,1.228,1.44,0.275,8.149,5.091,1.704,0.001,0.004,-0.006,0.1,8.927768432,5.629435311,5.879036075,0.000203843,-0.003763958,-0.00405983,0.109025446,10.10368925,6.957041245,12.82132742,0.154979251,0.234959448,0.18423373,0.035578777,116.0412323
35.497,42.896,37.675,1.255,1.089,1.409,0.277,8.26,5.207,1.779,0.001,0.005,-0.006,0.102,8.986045823,5.732176595,5.964772466,0.000613835,-0.002849825,-0.003058557,0.109570261,10.17617171,6.952699555,12.90233652,0.153351576,0.234163621,0.181343142,0.033117683,116.0412323
35.724,43.682,37.246,0.936,1.065,1.337,0.296,8.371,5.207,1.822,0.002,0.005,-0.005,0.103,9.107126775,5.738551966,6.052309325,0.001600504,-0.001998137,-0.001799817,0.109734995,10.34138146,6.982915567,13.12117388,0.158271017,0.238759528,0.186127535,0.032546443,116.0412323
36.68,42.011,38.375,1.032,1.107,1.317,0.275,8.429,5.3,1.904,0.001,0.004,-0.006,0.102,9.173588409,5.842146362,6.17385494,0.000354141,-0.003321149,-0.003557061,0.109557243,10.48804591,7.011540799,13.22736144,0.159567832,0.241056087,0.188684261,0.03197657,116.0412323
32.134,42.267,34.905,0.951,0.952,1.257,0.287,7.654,4.271,1.269,-0.007,-0.007,-0.021,0.097,8.306185055,4.814430637,5.033050206,-0.00672179,-0.015023494,-0.01834932,0.1040772,8.978952359,6.749041264,11.82318208,0.141598934,0.219972425,0.169453621,0.033814702,116.0412323
36.986,43.697,39.39,1.188,1.122,1.41,0.279,8.513,5.379,1.931,0.001,0.004,-0.006,0.102,9.268808131,5.930945368,6.289174533,0.000582669,-0.003037865,-0.003083152,0.11027141,10.68164175,7.07014046,13.3754696,0.158237757,0.240353992,0.185891766,0.033394709,116.0412323
38.08,42.287,41,1.162,1.133,1.401,0.298,8.5295,5.45,2.002,0.001,0.004,-0.006,0.1,9.303949036,6.002442784,6.368947839,0.000569664,-0.003052916,-0.003212383,0.108523587,10.76990393,7.080626101,13.45375308,0.156847577,0.240433032,0.18551803,0.033460112,116.0412323
37.772,45.269,39.982,1.098,1.06,1.28,0.255,8.601,5.502,2.008,0.002,0.005,-0.005,0.102,9.399013005,6.056794903,6.454202095,0.001261363,-0.002393007,-0.002128664,0.111012491,10.93109288,7.086529999,13.56127779,0.158453946,0.24264788,0.187180518,0.032987585,116.0412323
38.255,44.109,39.761,1.107,1.06,1.511,0.251,8.63,5.59,2.037,0.001,0.005,-0.006,0.103,9.440650316,6.125025131,6.534862861,0.000447663,-0.003035633,-0.003208446,0.109191436,11.05107176,7.098683238,13.70389809,0.161929189,0.24572228,0.190030025,0.030539071,116.0412323
38.594,43.545,40.442,1.078,1.102,1.56,0.259,8.659,5.633,2.098,0.002,0.004,-0.005,0.101,9.520438764,6.208032939,6.629415867,0.000957931,-0.002726071,-0.002729784,0.108420155,11.21661526,7.161436998,13.8014607,0.16331305,0.247240543,0.192028354,0.032934787,116.0412323
39.871,46.108,39.364,1.548,1.143,1.309,0.265,8.644,5.648,2.119,0.002,0.005,-0.006,0.1,9.518768912,6.219845224,6.667740377,0.000759471,-0.002824509,-0.003029055,0.107268457,11.28124145,7.130569261,13.77995286,0.163793858,0.248798747,0.192296361,0.032510041,116.0412323
39.549,45.148,39.796,1.117,1.172,1.301,0.259,8.7265,5.707,2.183,0.001,0.006,-0.006,0.105,9.612441999,6.302322507,6.760985383,0.000813017,-0.00282875,-0.002931082,0.111902043,11.42577098,7.114008277,13.89227454,0.168175653,0.250805524,0.195872108,0.033165062,116.0412323
39.875,43.601,40.387,1.117,1.16,1.284,0.265,8.974,5.839,2.294,0.003,0.008,-0.003,0.106,9.749140634,6.388205132,6.885405058,0.001803315,-0.00111085,-0.000708151,0.113040664,11.5595898,7.163875077,14.07632681,0.164595211,0.24911458,0.193286425,0.032490642,116.0412323
40.41,44.78,40.708,1.269,1.165,1.353,0.287,8.889,5.811,2.269,0.002,0.004,-0.006,0.105,9.740221458,6.396263692,6.910215501,0.000587842,-0.003338576,-0.00345168,0.112568438,11.6643225,7.123965296,14.09364396,0.164992781,0.249814763,0.194291345,0.03168824,116.0412323
32.086,41.076,34.456,1.102,0.992,1.353,0.29,7.7205,4.364,1.328,-0.003,0.001,-0.013,0.095,8.395295563,4.907556126,5.153204645,-0.003731421,-0.008301242,-0.009843292,0.103112996,9.11448971,6.791326105,11.97572403,0.144914588,0.223646488,0.172332009,0.035485067,116.0412323
40.492,42.996,40.502,1.1,1.149,1.569,0.261,8.956,5.859,2.355,0.001,0.003,-0.007,0.105,9.836084786,6.487207717,7.03961425,4.97E-05,-0.003696258,-0.003979514,0.109937367,11.84242058,7.169904389,14.18744475,0.168336683,0.25221551,0.197423159,0.029890486,116.0412323
41.47,45.51,41.263,1.255,1.251,1.35,0.258,9.123,5.959,2.385,0.002,0.004,-0.006,0.101,10.01534548,6.592460666,7.176175948,0.000440662,-0.003393939,-0.003696621,0.107843432,12.1126554,7.286802968,14.49172896,0.169219533,0.25391168,0.198916358,0.028857293,116.0412323
40.684,45.142,42.46,1.105,1.195,1.709,0.263,9.019,6.011,2.433,0.002,0.004,-0.005,0.104,9.902142193,6.624887156,7.151963504,0.000987489,-0.00240695,-0.002254286,0.110627336,12.03021159,7.163652355,14.23099062,0.173576167,0.257653121,0.199039972,0.031396735,116.0412323
41.105,48.418,42.25,1.181,1.183,1.347,0.261,9.052,6.064,2.516,0.002,0.004,-0.006,0.102,9.94263263,6.670559792,7.224376225,0.000597236,-0.003017447,-0.003195451,0.10826342,12.13040602,7.165641891,14.28051444,0.171145184,0.257004495,0.196513687,0.029308291,116.0412323
41.864,45.839,41.838,1.227,1.231,1.499,0.246,9.097,6.12,2.531,0.002,0.004,-0.006,0.102,9.974766673,6.750866719,7.291728078,0.000940729,-0.002737802,-0.002710125,0.107971298,12.23806665,7.14607712,14.28614546,0.171167431,0.259474806,0.19692589,0.028820044,116.0412323
42.406,45.787,42.88,1.066,1.389,1.59,0.266,9.172,6.198,2.589,0.002,0.003,-0.006,0.103,10.05497847,6.85229038,7.372722368,0.000782167,-0.002916944,-0.00288017,0.109224681,12.41829412,7.184503453,14.35860764,0.170459282,0.25950628,0.195837209,0.029277644,116.0412323
42.133,43.779,42.355,1.261,1.242,1.409,0.251,9.255,6.284,2.652,0.002,0.004,-0.006,0.101,10.17115569,6.914376353,7.49088904,0.000417553,-0.003227876,-0.003352705,0.106353816,12.59561549,7.243484182,14.50410584,0.171608313,0.261465966,0.197671694,0.028078248,116.0412323
43.881,46.577,43.881,1.288,1.274,1.703,0.244,9.438,6.406,2.733,0.003,0.004,-0.005,0.103,10.35479414,7.051572896,7.652274597,0.000829031,-0.002996336,-0.003111626,0.109422238,12.92333489,7.348277845,14.75339671,0.174857393,0.269030966,0.202474161,0.029268118,116.0412323
44.086,46.375,45.817,1.373,1.36,1.492,0.238,9.587,6.555,2.7565,0.003,0.004,-0.005,0.099,10.52218469,7.190282001,7.79185943,0.000890941,-0.002614189,-0.00248934,0.105759848,13.17624222,7.439195044,15.04433412,0.174483149,0.269448668,0.204891273,0.028429744,116.0412323
45.079,47.424,43.714,1.161,1.544,1.874,0.25,9.75,6.677,2.832,0.003,0.005,-0.006,0.098,10.70601428,7.346567063,7.952478084,0.000698932,-0.002966287,-0.003149544,0.105244363,13.48368387,7.524765153,15.32743045,0.168024124,0.265757842,0.201651628,0.029443222,116.0412323
40.786,38.398,36.907,1.095,1.285,1.569,0.241,9.007,4.411,-1.109,0.019,0.024,0.026,0.094,9.795206134,4.975403821,3.498708141,0.014500084,0.018873699,0.024460383,0.100471637,12.38794228,6.61577104,13.45827345,0.171971675,0.24767371,0.191111275,0.028093899,116.0412323
44.713,44.036,40.532,1.243,1.237,1.4,0.246,9.956,4.905,-0.949,0,0.002,-0.008,0.1,10.84643247,5.525989102,4.11378544,-0.001654251,-0.004266045,-0.005687564,0.105954256,13.32520663,7.112914712,14.6834494,0.176229622,0.260386084,0.20382289,0.028111686,116.0412323
46.459,41.869,41.022,1.225,1.268,1.812,0.246,10.066,4.984,-0.919,0.001,0.004,-0.007,0.097,10.96149351,5.615336868,4.202881788,-0.001263771,-0.003585245,-0.004776164,0.103075285,13.50126525,7.157316687,14.76754439,0.170211883,0.257410919,0.197873272,0.027038226,116.0412323
46.024,44.739,41.701,1.195,1.534,1.735,0.247,10.088,5.051,-0.897,0.002,0.004,-0.006,0.098,11.070568,5.692797244,4.276307325,0.000197851,-0.002310576,-0.002756155,0.103287163,13.62510495,7.187979594,14.84812923,0.181451419,0.265544497,0.210892292,0.026964422,116.0412323
45.461,41.372,40.624,1.129,1.455,1.712,0.256,10.077,5.195,-0.796,0.001,0.003,-0.007,0.1,11.07681584,5.824867172,4.332854137,-0.000883246,-0.003825195,-0.004893167,0.104901251,13.67139985,7.147349273,14.76763589,0.181112903,0.263663643,0.211289843,0.027154534,116.0412323
46.314,43.898,42.667,1.331,1.502,1.978,0.218,10.2325,5.232,-0.77,0.002,0.003,-0.006,0.097,11.19213053,5.856317871,4.41236977,-0.000202686,-0.002631737,-0.003548458,0.102744107,13.82320787,7.203810888,14.88018627,0.190602936,0.271621977,0.219174518,0.026851363,116.0412323
45.578,43.446,40.577,1.206,1.328,1.573,0.217,10.192,5.243,-0.768,0.002,0.003,-0.006,0.094,11.15722175,5.85217952,4.391435228,-0.000307444,-0.002986265,-0.003865456,0.100062543,13.83479159,7.150459776,14.79600554,0.188936065,0.268953927,0.217148596,0.026096314,116.0412323
46.138,41.93,40.89,1.344,1.34,1.749,0.243,10.254,5.342,-0.728,0.002,0.004,-0.006,0.099,11.22058592,5.939074011,4.454110306,0.00016235,-0.002199419,-0.002943964,0.104043164,13.90420206,7.143938943,14.80995035,0.190925277,0.271407916,0.219641732,0.025900743,116.0412323
46.862,42.616,41.229,1.354,1.33,1.649,0.226,10.537,5.427,-0.688,0.001,0.003,-0.007,0.097,11.35990116,5.995638573,4.540895798,-0.000541783,-0.003312382,-0.004296373,0.102600397,14.04740557,7.171798074,14.93299282,0.194752539,0.275201297,0.221466492,0.023435735,116.0412323
47.127,43.389,42.125,1.226,1.488,1.834,0.226,10.286,5.3335,-0.632,0.001,0.004,-0.007,0.095,11.34424119,5.96637341,4.532590824,-0.000305353,-0.002771748,-0.003580258,0.100215399,14.16082939,7.169964305,14.92576554,0.193877447,0.272815335,0.221959451,0.026475052,116.0412323
47.528,42.107,41.516,1.373,1.462,1.857,0.238,10.492,5.376,-0.597,0.002,0.003,-0.007,0.096,11.4634264,5.998596362,4.601995821,-9.42E-06,-0.002725465,-0.003944433,0.101856288,14.31458461,7.209101514,14.97017557,0.194175544,0.273462598,0.222851853,0.027197922,116.2270765
43.152,40.78,39.138,1.302,1.122,1.775,0.233,9.539,4.7705,-0.9615,-0.006,-0.009,-0.023,0.101,10.41507726,5.357875372,3.843412593,-0.008008405,-0.015564539,-0.020341036,0.1075894,12.89246513,6.984275309,14.23813973,0.169600324,0.252610751,0.194602871,0.028609062,116.6029478
48.61,44.204,42.272,1.261,1.36,1.815,0.23,10.595,5.471,-0.565,0.002,0.003,-0.006,0.097,11.58704736,6.088029182,4.677381578,-0.000348688,-0.0027365,-0.003662597,0.102348429,14.51564081,7.232692858,15.09867837,0.193488422,0.273986784,0.222429372,0.025292554,116.9916592
48.982,45.371,42.111,1.309,1.35,1.641,0.222,10.569,5.442,-0.547,0.001,0.002,-0.007,0.097,11.58457052,6.081286264,4.68184718,-0.00033842,-0.002970694,-0.004175651,0.102874731,14.54699779,7.185448494,15.00830185,0.196255601,0.273658219,0.224732813,0.025808842,117.3928337
49.25,43.667,41.211,1.176,1.302,1.678,0.22,10.759,5.528,-0.507,0.002,0.003,-0.006,0.098,11.75263418,6.195866179,4.788012358,6.34E-05,-0.002325797,-0.003160294,0.10363013,14.78355741,7.243796674,15.21664476,0.196212694,0.27613215,0.224724769,0.025382856,117.8060712
50.053,42.917,43.054,1.371,1.36,1.462,0.23,10.8025,5.605,-0.4915,0.002,0.001,-0.007,0.1,11.83513495,6.270255146,4.855135365,-0.00050046,-0.003479228,-0.004348292,0.104912048,14.96035601,7.278424472,15.30850384,0.195591827,0.277122851,0.224757059,0.025145063,118.2309499
49.951,43.138,42.609,1.284,1.576,1.714,0.267,11.003,5.67,-0.423,0.002,0.002,-0.006,0.099,12.04249839,6.342085354,4.982928283,-0.000332591,-0.002852965,-0.003956722,0.103785713,15.22520357,7.338317858,15.59178154,0.201022617,0.282503467,0.230078451,0.025641536,118.6670268
51.297,42.268,42.997,1.547,1.506,1.802,0.274,11.128,5.733,-0.3985,0.003,0.003,-0.005,0.099,12.13075173,6.400881258,5.04256574,0.000338025,-0.002042122,-0.002832512,0.104369213,15.39608694,7.382471652,15.6746725,0.2026578,0.283145117,0.232888118,0.025817722,119.1138385
51.377,43.462,43.443,1.358,1.528,1.704,0.234,11.218,5.781,-0.325,0.002,0.002,-0.007,0.098,12.27729018,6.471295046,5.128123445,-0.000325883,-0.003053721,-0.004140427,0.103250403,15.5917619,7.434651196,15.84419287,0.203164099,0.285762968,0.234874019,0.024439652,119.5709023
51.576,46.305,44.414,1.31,1.474,1.821,0.219,11.303,5.854,-0.345,0.002,0.002,-0.007,0.104,12.37955865,6.537334359,5.208453217,-0.000519025,-0.003000296,-0.003937314,0.107518201,15.79472966,7.436011715,15.91055126,0.198847578,0.282858231,0.231588969,0.02281273,120.0377171
52.493,43.743,44.476,1.325,1.55,1.747,0.232,11.484,5.937,-0.275,0.003,0.003,-0.005,0.101,12.57020422,6.618157164,5.315642086,0.000304535,-0.001767459,-0.002546145,0.105774279,16.06236795,7.507978545,16.12289178,0.202956331,0.289538524,0.234157187,0.025070721,120.5137642
52.712,44.602,44.892,1.436,1.379,1.846,0.231,11.509,5.973,-0.301,0.002,0.001,-0.007,0.102,12.60483309,6.661535667,5.337106289,-0.000518288,-0.00340284,-0.004443248,0.107702269,16.17963646,7.516963644,16.09454025,0.202970523,0.288016615,0.234527976,0.026227227,120.9985086
44.413,42.037,40.167,1.19,1.262,1.601,0.236,9.734,4.804,-0.9745,-0.003,-0.001,-0.014,0.102,10.63243675,5.400593804,3.978519689,-0.004653923,-0.008489243,-0.011030232,0.108594969,13.12553276,7.070537418,14.49765671,0.175917163,0.259456102,0.203927824,0.028248433,121.4914
53.777,44.892,45.693,1.22,1.519,1.63,0.267,11.5965,6.066,-0.278,0.003,0.002,-0.006,0.103,12.76256711,6.75389047,5.429492811,0.000242394,-0.002176449,-0.002820464,0.108710587,16.41116586,7.563445029,16.28343543,0.200939957,0.288063329,0.235149576,0.026779312,121.9918734
54.085,44.706,45.305,1.272,1.509,1.528,0.257,11.741,6.09,-0.227,0.002,0.003,-0.006,0.106,12.89480784,6.812384352,5.518229694,-3.30E-06,-0.002732788,-0.003460103,0.111064779,16.64723831,7.629216303,16.35946978,0.203831399,0.289171258,0.238442428,0.027437751,122.4993512
55.846,45.383,45.842,1.615,1.729,1.969,0.247,11.8,6.124,-0.217,0.001,0.002,-0.007,0.105,13.00669698,6.890160254,5.599700836,-0.000633715,-0.003499763,-0.004667341,0.109625995,16.86108656,7.679731655,16.47760371,0.203907374,0.29094515,0.242010389,0.024968429,123.0132434
55.428,44.572,46.558,1.246,1.749,1.552,0.235,11.8395,6.176,-0.22,0.002,0.003,-0.006,0.108,13.07661423,6.906589278,5.633741937,-0.000249167,-0.002799444,-0.00376396,0.113099097,17.00621434,7.65974809,16.49255495,0.202312394,0.291774064,0.239889514,0.026517845,123.5329492
55.48,46.444,46.356,1.471,1.55,1.48,0.23,11.988,6.303,-0.2385,0.002,0.003,-0.006,0.111,13.24771036,6.998613892,5.740143993,-2.03E-05,-0.002431897,-0.003365892,0.115924319,17.29136955,7.749660668,16.68645827,0.204089378,0.294591672,0.242611735,0.025533196,124.0578583
57.486,45.655,46.442,1.336,1.496,1.873,0.251,12.059,6.361,-0.186,0.002,0.003,-0.006,0.108,13.36235548,7.072192745,5.802342566,-0.000183801,-0.003015517,-0.003741985,0.11302773,17.47987758,7.775019443,16.74518157,0.20588816,0.299361841,0.243855117,0.026993327,124.5873519
58.737,48.892,47.42,1.336,1.719,1.496,0.28,12.311,6.471,-0.055,0.004,0.003,-0.004,0.109,13.63083858,7.217885395,5.983220044,0.000148307,-0.002414185,-0.003152689,0.116143925,17.91975669,7.950135318,17.08969791,0.212904824,0.310240026,0.249337815,0.028801445,125.1208041
59.368,46.925,49.031,1.696,1.613,1.517,0.26,12.4185,6.576,-0.121,0.001,0.002,-0.007,0.108,13.75047284,7.339759219,6.051777903,-0.0004519,-0.00336535,-0.004363684,0.113168067,18.13323585,8.0023813,17.20148913,0.201574777,0.300130696,0.241672188,0.025241023,125.6575832
59.348,47.975,49.303,1.345,1.475,1.621,0.283,12.6175,6.718,-0.016,0.003,0.003,-0.0065,0.104,13.97629342,7.448479845,6.183309638,7.37E-06,-0.002711205,-0.003642589,0.10939394,18.47352529,8.117186345,17.44647625,0.202725726,0.30169228,0.242861426,0.027208696,126.1970529
56.535,42.171,44.992,1.401,1.805,1.686,0.26,10.751,5.217,-0.3115,0.019,0.021,0.025,0.108,11.96794676,6.008972659,5.521460298,0.013015513,0.016432038,0.02126209,0.113015331,18.60016606,7.833067144,16.78272373,0.197101844,0.294471963,0.238565595,0.025787708,126.7385738
60.037,43.955,47.886,1.521,1.666,1.655,0.274,11.33,5.658,-0.128,0.001,0,-0.007,0.106,12.55893916,6.424892255,6.042065998,-0.001465324,-0.004505214,-0.005514938,0.112255826,19.54241878,8.169855847,17.61483343,0.206558663,0.306888314,0.251609414,0.02930206,127.2815045
59.854,45.779,49.016,1.397,1.596,1.803,0.273,11.363,5.827,-0.101,0.003,0.002,-0.006,0.106,12.60472479,6.558593718,6.136151804,-0.000227116,-0.003019919,-0.003898541,0.111937793,19.72009497,8.217737033,17.63063684,0.210047421,0.312844436,0.256005114,0.028501356,127.8252031
60.533,47.093,48.921,1.405,1.732,1.52,0.245,11.427,5.899,-0.024,0.002,0.001,-0.007,0.107,12.72699938,6.632731221,6.248720837,-0.000453109,-0.003457868,-0.004589721,0.113690311,19.98268815,8.288696578,17.84596753,0.212702902,0.315284185,0.259255354,0.02720731,128.3690289
61.106,46.547,49.671,1.525,1.675,1.64,0.24,11.473,5.987,-0.057,0.002,0.001,-0.005,0.109,12.78171172,6.719317135,6.329325154,0.000161346,-0.002929825,-0.003843246,0.114992394,20.14937602,8.342299534,18.04302398,0.218243987,0.319158523,0.265793935,0.02729816,128.912343
61.723,45.921,49.988,1.369,1.663,1.894,0.251,11.628,6.102,-0.003,0.003,0.002,-0.005,0.107,12.92745086,6.870255666,6.477038388,0.000512971,-0.002332087,-0.002935093,0.114468431,20.46983297,8.420557946,18.28646977,0.21943261,0.321890517,0.269012027,0.029586554,129.4545105
61.877,47.078,51.559,1.487,1.746,1.769,0.276,11.5865,6.127,0.012,0.003,0.001,-0.006,0.105,12.95956173,6.891361803,6.512845001,-6.26E-05,-0.003396095,-0.004198987,0.112985754,20.57428622,8.411430507,18.33040383,0.217456452,0.320347752,0.267747851,0.030196478,129.9949016
62.748,45.212,50.297,1.346,1.72,2.071,0.261,11.739,6.199,0.084,0.003,0.002,-0.005,0.108,13.06687867,6.964898492,6.624508308,0.000711491,-0.002159736,-0.002744913,0.11497614,20.85054053,8.46010201,18.43477765,0.218807253,0.322879855,0.2693952,0.029734328,130.532893
63.339,46.757,50.78,1.321,1.766,1.501,0.269,11.724,6.19,0.091,0.003,0.002,-0.005,0.108,13.10628122,6.998342749,6.684902715,0.000372912,-0.002707743,-0.003436281,0.114670865,21.0414986,8.515261941,18.54776812,0.222404248,0.327747834,0.270591224,0.029315075,131.0678691
62.687,46.767,50.486,1.352,1.919,1.921,0.268,11.817,6.233,0.146,0.002,0.001,-0.006,0.108,13.18626509,7.055300843,6.763764686,-7.18E-05,-0.003360265,-0.004009722,0.115223317,21.20008378,8.545034895,18.57912234,0.223454216,0.328882312,0.27445927,0.03047267,131.5992242
63.482,45.976,50.969,1.448,1.892,1.712,0.27,11.856,6.243,0.249,0.003,0.002,-0.005,0.109,13.22545291,7.06899904,6.823471575,0.000540047,-0.002564502,-0.003343399,0.115286745,21.37364561,8.599848162,18.5593001,0.232834312,0.33711381,0.281693087,0.029720851,132.1263628
57.86,43.057,46.895,1.393,1.617,1.632,0.261,11.003,5.4,-0.184,-0.003,-0.008,-0.019,0.106,12.2301964,6.157017041,5.754249735,-0.005446877,-0.012541014,-0.015590945,0.111910536,18.90362318,8.02435002,17.25070826,0.20167532,0.301035603,0.247471142,0.026970477,132.6487023
65.252,46.065,50.609,1.511,1.953,2.013,0.286,11.94,6.297,0.316,0.002,0.001,-0.007,0.106,13.34992916,7.139556078,6.925020828,4.72E-05,-0.002871235,-0.003934109,0.113768153,21.65414559,8.656519022,18.68432547,0.229614334,0.334628821,0.280967662,0.030878066,133.1656732
65.429,46.978,51.711,1.795,1.875,1.814,0.313,11.956,6.397,0.358,0.003,0.001,-0.006,0.107,13.36742981,7.243348007,7.00917928,0.000277724,-0.002945918,-0.00373161,0.113933198,21.85289936,8.671896182,18.73277933,0.232061086,0.336956521,0.282815197,0.032364232,133.6767215
65.062,47.344,52.525,1.408,1.706,1.678,0.286,12.05,6.465,0.423,0.003,0.002,-0.005,0.104,13.47774177,7.316497265,7.097727052,0.000696269,-0.002302343,-0.003065663,0.11191311,22.09165406,8.728966239,18.82056378,0.230869832,0.333619524,0.281989087,0.031020976,134.1813097
66.174,47.297,52.674,1.511,1.771,1.736,0.255,12.058,6.539,0.425,0.002,0.001,-0.006,0.104,13.53368653,7.366697691,7.178693864,-8.62E-05,-0.003603598,-0.00418067,0.111700558,22.40783555,8.790844898,18.89926699,0.231411071,0.336981141,0.28588352,0.031717559,134.678918
68.738,48.11,52.96,1.569,1.703,1.712,0.284,12.129,6.597,0.52,0.002,0.002,-0.006,0.106,13.64022693,7.43912829,7.259288903,0.000183352,-0.002952267,-0.003917018,0.113864185,22.677297,8.856313847,19.02707729,0.233356341,0.337961598,0.288106734,0.03206158,135.1690461
69.961,48.737,53.879,1.362,1.718,1.785,0.353,12.195,6.621,0.549,0.004,0.001,-0.005,0.106,13.67197205,7.479160577,7.333881321,0.000580093,-0.002554693,-0.003158292,0.113667729,22.87384046,8.869452861,19.0804571,0.234569528,0.341128958,0.290065945,0.033886202,135.6512144
69.566,47.153,52.784,1.492,1.683,1.855,0.285,12.277,6.661,0.597,0.003,0.001,-0.005,0.105,13.81066338,7.555119542,7.448667655,0.000302351,-0.003194893,-0.003877283,0.113097922,23.22698562,8.966952778,19.24330849,0.238956085,0.342941935,0.29804482,0.032060713,136.1249653
69.031,48.71,54.172,1.482,1.776,1.65,0.27,12.343,6.688,0.7,0.003,0.002,-0.006,0.105,13.83460491,7.581453161,7.494841352,6.70E-05,-0.002881793,-0.004145794,0.112411237,23.36976115,8.962525975,19.21659946,0.239938146,0.347842562,0.297355798,0.031572372,136.5898649
69.481,48.99,53.882,1.644,1.891,1.823,0.287,12.461,6.829,0.712,0.004,0.002,-0.005,0.103,13.96163414,7.696183556,7.615626731,0.000687809,-0.002326349,-0.003082885,0.110915426,23.7207404,9.029410194,19.40679792,0.238969592,0.3482757,0.297989455,0.031412602,137.0455035
70.297,49.619,53.341,1.614,1.87,1.883,0.278,12.484,6.84,0.768,0.002,0.001,-0.007,0.103,14.00032227,7.71920224,7.665261693,2.64E-05,-0.003199136,-0.004093419,0.11120965,23.89103893,9.071231917,19.50427821,0.24686182,0.354704347,0.304806195,0.03204123,137.491498
58.582,45.477,47.274,1.281,1.707,1.423,0.256,11.139,5.532,-0.21,-0.002,-0.003,-0.012,0.105,12.3702518,6.275565831,5.889817945,-0.004239207,-0.008254112,-0.010777336,0.111356811,19.19955968,8.076252259,17.41901681,0.203241088,0.303584245,0.247228129,0.027077445,137.9274922
70.303,48.605,54.168,1.852,2.022,2.026,0.285,12.6555,6.915,0.7505,0.003,0,-0.006,0.101,14.20203992,7.813416041,7.818188168,-0.000101962,-0.003581034,-0.004506545,0.1098311,24.36103351,9.19354038,19.83951342,0.247003467,0.358259639,0.308223058,0.033551253,138.3531587
70.783,48.718,55.129,1.627,2.096,1.683,0.35,12.663,6.972,0.796,0.002,0,-0.006,0.106,14.21356892,7.859458493,7.871149158,0.000126197,-0.002978663,-0.003751027,0.113711288,24.51699828,9.215096395,19.9210303,0.24925882,0.358783889,0.311807033,0.034902921,138.7681996
72.167,47.574,56.429,1.553,1.821,1.906,0.285,12.9005,7.103,0.935,0.003,0.003,-0.005,0.103,14.33863263,7.938625273,7.977393457,0.000655642,-0.002608718,-0.003218518,0.111138717,24.76040609,9.270917044,20.08082632,0.24994368,0.359417689,0.311995109,0.032903927,139.1723481
72.277,49.167,54.887,1.475,1.841,1.841,0.3,12.764,7.095,0.848,0.002,0.001,-0.007,0.104,14.37075495,7.964148989,8.040393783,-0.000222805,-0.003312986,-0.004566551,0.111615428,25.0294463,9.315504845,20.22271739,0.25028218,0.360002373,0.316968326,0.034792735,139.5653693
73.194,48.895,55.705,1.588,1.738,2.109,0.286,12.894,7.19,0.897,0.002,0.001,-0.006,0.104,14.4938629,8.045101641,8.146891715,0.000597283,-0.00275422,-0.003357392,0.11182986,25.3189863,9.401912889,20.43754444,0.251558413,0.359703963,0.316102994,0.033227705,139.9470615
74.659,51.762,58.252,1.495,1.911,1.854,0.263,12.949,7.218,0.927,0.003,0.001,-0.006,0.103,14.59034446,8.08609453,8.227283987,0.000243112,-0.00312766,-0.003905502,0.110268793,25.57306946,9.469426868,20.56812526,0.254496722,0.364092794,0.320395488,0.031240705,140.3172571
75.453,49.914,56.463,1.668,2.059,1.629,0.304,13.559,7.441,0.95,0.003,0.001,-0.008,0.105,14.92390984,8.309520284,8.467735985,0.00019641,-0.003159531,-0.00418077,0.112348653,26.13248651,9.613667691,21.00311672,0.261762909,0.378037517,0.32825906,0.030252467,140.6758236
75.729,49.977,59.089,1.634,1.928,1.809,0.31,13.205,7.4685,1.019,0.003,-0.001,-0.007,0.103,14.8940167,8.369353727,8.485167826,0.000323634,-0.00308814,-0.00380044,0.110717427,26.32506144,9.701163686,20.9822823,0.256664676,0.373944305,0.328568269,0.033855912,141.0226648
77.337,53.532,59.45,1.646,2.006,1.814,0.281,13.471,7.552,1.07,0.002,0.001,-0.006,0.101,15.14915297,8.468691617,8.663359344,0.000739194,-0.002404337,-0.003138959,0.108890422,26.84477576,9.824295069,21.08483619,0.254213361,0.372500848,0.332173595,0.032737737,141.3577211
76.467,46.893,54.463,1.985,2.184,2.031,0.33,12.523,5.971,0.459,0.016,0.016,0.018,0.105,14.10564519,6.790327395,7.684850539,0.010652313,0.01306725,0.017149393,0.113665393,26.70956216,9.637944062,20.4475216,0.266065946,0.379539333,0.343246241,0.034534338,141.680971
78.866,52.151,58.935,1.767,2.224,2.076,0.297,13.1365,6.431,0.5125,0.001,0,-0.009,0.109,14.82151435,7.267829911,8.258099383,-0.001224461,-0.004546835,-0.005782667,0.11654004,28.10922394,10.09785062,21.87939363,0.275389392,0.392659493,0.354330233,0.033905626,141.9924313
79.913,48.917,58.76,2.026,2.091,2.016,0.31,13.312,6.463,0.536,0.002,0.001,-0.008,0.108,14.94211118,7.377251223,8.410751376,0.000285233,-0.002906127,-0.003655577,0.115033427,28.49101585,10.17419722,22.19817805,0.277002802,0.397260259,0.357818133,0.032450557,142.2921584
81.546,50.852,60.184,1.717,2.151,1.965,0.283,13.2085,6.674,0.636,0.002,0,-0.008,0.112,14.97622333,7.537700073,8.506913656,0.000290273,-0.003385266,-0.003970687,0.119418358,28.61365507,10.16889402,22.21085262,0.282552235,0.401418507,0.362255329,0.031262247,142.5802481
81.075,51.113,60.238,2.237,2.152,2.002,0.305,13.447,6.717,0.716,0.002,0,-0.007,0.108,15.13659624,7.638622595,8.68023137,7.19E-05,-0.003388076,-0.004204974,0.116026642,29.1134219,10.27272612,22.42893622,0.285606203,0.405646644,0.367542391,0.034342301,142.856837
81.86,51.8,60.221,1.718,2.199,1.888,0.338,13.424,6.799,0.743,0.001,0.001,-0.007,0.115,15.21665881,7.713688245,8.743844293,0.000118589,-0.003435562,-0.004189212,0.122265355,29.28677721,10.28421497,22.4015872,0.286007467,0.406384872,0.369806669,0.035470013,143.1221024
81.3,51.829,59.974,2.263,2.006,2.177,0.32,13.5375,6.79,0.6965,0.003,0.001,-0.007,0.107,15.3279519,7.727350514,8.854115976,0.000486284,-0.002983122,-0.003568896,0.115308935,29.77506684,10.35568794,22.57070414,0.290287406,0.412882382,0.375457005,0.033949478,143.3762632
82.539,50.432,60.901,1.858,2.286,2.062,0.316,13.5245,6.883,0.748,0.003,0.001,-0.007,0.116,15.35183918,7.802001219,8.895985273,0.000687281,-0.002965541,-0.003422242,0.122522016,29.84789184,10.38782134,22.50447207,0.290326402,0.411234017,0.378127483,0.03136302,143.6195797
83.257,50.582,60.592,1.99,2.001,2.055,0.3,13.798,6.954,0.736,0.003,0.001,-0.007,0.109,15.55936651,7.872153161,9.084229402,0.000379017,-0.003280887,-0.003856994,0.115255069,30.47276449,10.54724125,22.84139214,0.292659022,0.415353762,0.384550117,0.030738443,143.8523541
84.985,54.532,61.622,1.852,2.116,2.081,0.289,13.916,7.031,0.846,0.001,0,-0.009,0.111,15.73136085,7.940411972,9.215743561,-0.000242052,-0.003924509,-0.004876967,0.118290887,30.82555017,10.64401249,22.97527551,0.293621433,0.417437576,0.386026585,0.031598316,144.0749307
86.973,51.684,62.372,1.649,2.45,2.019,0.291,13.984,7.074,0.834,0.002,0.003,-0.005,0.108,15.83063769,7.998989738,9.321084138,0.001419255,-0.00152248,-0.001605227,0.114695874,31.16492356,10.73311008,23.18430884,0.295366041,0.421904094,0.388799429,0.031261163,144.2876959
77.433,49.25,57.005,1.799,2.091,1.945,0.304,12.806,6.163,0.543,-0.003,-0.009,-0.019,0.103,14.44723574,7.039738266,7.987200873,-0.004678095,-0.012115266,-0.014922748,0.110190034,27.25766469,9.872088845,21.03326438,0.266038028,0.382181314,0.34261118,0.032800218,144.4910781
86.036,53.015,63.426,2.046,2.132,2.082,0.298,13.965,7.134,0.8875,0.002,0.001,-0.009,0.111,15.84350708,8.03115393,9.340721112,0.000317994,-0.003470686,-0.00392349,0.118586844,31.22585334,10.7199551,23.09863963,0.304422208,0.426748628,0.397998764,0.031554798,144.6855475
86.823,52.067,62.581,1.737,2.416,1.9,0.301,14.416,7.182,0.876,0,-0.001,-0.01,0.111,16.02483635,8.090119011,9.491300167,-0.000599573,-0.004716786,-0.005466308,0.117944161,31.567232,10.70881538,23.41461485,0.303830054,0.43155254,0.396087468,0.02969705,144.8716163
88.247,52.592,64.322,1.935,2.294,2.195,0.301,14.246,7.239,0.975,0.002,0.001,-0.01,0.107,16.12214764,8.203815802,9.60463108,0.000302443,-0.003302989,-0.003872111,0.114983055,32.09701186,10.94881151,23.6171966,0.300254575,0.430208552,0.395705473,0.032699223,145.0498375
89.006,54.823,65.655,1.958,2.448,2.402,0.287,14.403,7.322,1.077,0.002,0.001,-0.008,0.103,16.32809752,8.291468738,9.780078119,0.000580021,-0.00273424,-0.00330942,0.111385438,32.64926039,11.06106736,24.01053075,0.300396584,0.430299093,0.397156598,0.033422003,145.2208054
89.113,52.207,64.6,2.032,2.093,2.092,0.304,14.317,7.353,1.084,0.001,0.001,-0.01,0.111,16.26493962,8.285899094,9.717768271,-2.29E-05,-0.004065937,-0.004690498,0.117487256,32.41199866,10.99034887,23.70049816,0.306445268,0.433930221,0.408215879,0.029914726,145.3851541
89.01,55.853,64.112,1.832,2.2,2.264,0.312,14.334,7.405,1.134,0.003,0.002,-0.008,0.111,16.31040692,8.31919235,9.805478052,0.000690974,-0.0027425,-0.003167374,0.117871384,32.6807115,11.05012837,23.86559439,0.310178208,0.436150002,0.41371854,0.032063092,145.5435575
90.421,53.851,65.216,2.099,2.511,2.401,0.297,14.221,7.411,1.16,0.001,0.001,-0.009,0.114,16.33299987,8.364342315,9.840577424,-2.69E-06,-0.003853633,-0.004513348,0.120940301,32.84250743,11.01572032,23.85539613,0.309372931,0.435012912,0.411905772,0.032546667,145.6967283
91.427,53.408,65.111,2.136,2.091,2.202,0.312,14.276,7.428,1.332,0.003,0.002,-0.008,0.109,16.43251422,8.401674142,9.944857798,0.000478239,-0.003160949,-0.003595411,0.115034918,33.21216271,11.12920766,24.02115462,0.314051026,0.438914311,0.418698641,0.031088185,145.8454166
91.252,53.943,65.709,1.985,2.102,2.298,0.293,14.618,7.505,1.286,0.001,0.001,-0.01,0.108,16.66462455,8.512235612,10.12593021,-0.000132936,-0.004002487,-0.004824179,0.115191731,33.86292221,11.25979578,24.3459207,0.310347944,0.436733696,0.417573707,0.031522762,145.9904093
77.955,49.309,57.736,1.784,2.29,1.807,0.284,12.917,6.254,0.566,-0.001,-0.004,-0.013,0.109,14.64275871,7.127220904,8.142021923,-0.003050773,-0.007345731,-0.009334842,0.115799703,27.70687995,10.02446862,21.47207357,0.270800158,0.38747043,0.352346757,0.032294523,146.1325289
91.268,55.946,65.916,1.797,2.149,2.157,0.285,14.439,7.5555,1.329,0.002,0.004,-0.008,0.111,16.53579055,8.502151817,10.05085132,0.000893454,-0.002556551,-0.003224732,0.118053057,33.64469946,11.1243285,23.91059791,0.311840897,0.435269254,0.419957217,0.031468938,146.2726316
92.588,56.992,66.241,2.05,2.1,2.341,0.287,14.675,7.662,1.3435,0.002,0.002,-0.009,0.106,16.72210868,8.610745719,10.2352418,0.000208876,-0.003606736,-0.00423752,0.113059991,34.30196237,11.28736926,24.22979624,0.312932854,0.442209194,0.421926896,0.030928596,146.4116064
92.629,56.542,66.281,1.995,2.104,2.392,0.276,14.7955,7.727,1.474,0.002,0.003,-0.009,0.109,16.79715387,8.659405851,10.28386892,0.000598882,-0.002996855,-0.003513272,0.117095696,34.51765141,11.33097352,24.15480446,0.317148078,0.446208108,0.425982667,0.032484035,146.550373
93.527,55.409,66.886,2.013,2.345,2.302,0.281,15.087,7.838,1.553,0,0.001,-0.011,0.104,17.06572808,8.742569945,10.49087929,-0.000182794,-0.003945375,-0.004595273,0.112668389,35.21584384,11.46909234,24.39586985,0.319649102,0.448109833,0.433760164,0.033511126,146.6898802
96.034,56.909,68.063,2.016,2.321,2.47,0.28,15.127,7.912,1.638,0,0.002,-0.01,0.109,17.13632021,8.794601651,10.55752798,0.000416082,-0.003184826,-0.003743107,0.116298943,35.55956084,11.49015309,24.31553345,0.323253156,0.450056966,0.436140205,0.032084305,146.8311038
94.512,56.382,67.262,1.986,2.423,2.233,0.277,15.243,7.96,1.688,0.001,0.002,-0.01,0.106,17.28212551,8.859052641,10.66237366,0.000769934,-0.002560703,-0.003032967,0.113042861,36.00937282,11.59040817,24.33310883,0.324663206,0.45399779,0.437426647,0.031462278,146.9750444
95.882,56.439,68.668,1.818,2.218,2.331,0.261,15.3815,8.019,1.715,0.001,0.002,-0.01,0.106,17.38016457,8.887608247,10.74649121,9.02E-05,-0.003990241,-0.004625909,0.113231226,36.39647649,11.64446249,24.25489734,0.321734746,0.44869989,0.438754088,0.031664803,147.1227254
96.891,57.289,67.887,1.963,1.907,2.358,0.313,15.3805,8.1,1.721,0.002,0.005,-0.008,0.108,17.44675202,8.957233582,10.80759897,0.001275179,-0.001682842,-0.002140362,0.115775889,36.60799345,11.67758858,24.21541537,0.318497753,0.443346553,0.439587103,0.033296561,147.2751901
97.27,58.466,68.531,2.152,2.172,2.416,0.286,15.558,8.183,1.729,0.001,0.002,-0.011,0.103,17.59234688,9.023785706,10.93940641,-0.000365398,-0.004654844,-0.005565635,0.111236378,37.15859431,11.77979695,24.4107285,0.320873709,0.444117832,0.442763113,0.033683012,147.4334992
97.998,56.521,68.548,2.245,2.426,2.313,0.262,15.7955,8.297,1.786,0.002,0.004,-0.009,0.103,17.85056553,9.119553123,11.1285742,0.000822137,-0.002277897,-0.002763647,0.111029454,37.81226023,11.96351335,24.85684932,0.323571295,0.443585334,0.450037665,0.032575886,147.5987281
102.08,55.699,67.561,2.136,2.19,2.31,0.268,15.6235,6.783,0.561,0.013,0.016,0.011,0.105,17.54485464,7.587662481,9.396858617,0.009006961,0.01006151,0.01382483,0.112718599,37.93573925,12.04223567,24.25603928,0.326929397,0.451371626,0.453717666,0.03207987,147.7719636
105.7,58.622,68.346,2.362,2.297,2.589,0.27,15.583,7.12,0.477,0.001,0.002,-0.013,0.1,17.60642955,7.918680875,9.70578774,-0.00113215,-0.00466272,-0.005621155,0.108639068,38.2075968,12.02085498,24.9787373,0.331677941,0.453738325,0.461917064,0.032402042,147.9543008
105.16,56.862,69.299,2.254,2.363,2.538,0.272,15.7355,7.2315,0.528,0.002,0.003,-0.009,0.101,17.79334288,8.028697565,9.868733855,-4.73E-07,-0.003654245,-0.0041031,0.10924709,38.70182519,12.18859957,25.43851265,0.331136917,0.44979207,0.46455441,0.032784163,148.1468398
105.44,57.786,71.625,2.051,2.278,2.413,0.264,15.9875,7.337,0.5095,0.001,0.004,-0.011,0.098,18.02924684,8.158118871,10.05352842,0.000297377,-0.003280555,-0.003718316,0.107906216,39.21235657,12.28168663,25.94543907,0.323661438,0.44541676,0.462723134,0.035062906,148.3506817
106.89,57.914,72.978,2.06,2.286,2.649,0.289,16.064,7.471,0.577,0.002,0.003,-0.011,0.1,18.18656908,8.254918009,10.22258758,0.000146108,-0.003509913,-0.004032811,0.108916808,39.68796504,12.4306784,26.42857499,0.332669781,0.451805763,0.472877022,0.033979864,148.5669251
108.24,59.228,73.647,2.379,2.202,2.781,0.277,16.283,7.559,0.639,0.001,0.003,-0.013,0.1,18.41102149,8.402437575,10.38781476,-8.01E-05,-0.004309176,-0.004772314,0.109289472,40.17167396,12.55492654,26.89723082,0.330194387,0.451177901,0.474755514,0.034434339,148.7966619
109.11,58.915,75.174,2.007,2.301,2.833,0.253,16.545,7.621,0.726,0.002,0.004,-0.012,0.099,18.64643545,8.472210339,10.568688,0.000859586,-0.002872869,-0.002983001,0.108420905,40.82301511,12.72854244,27.35122717,0.333681213,0.454176551,0.479029783,0.033055587,149.0409732
110.64,60.278,75.776,2.357,2.43,2.714,0.32,16.504,7.747,0.7575,-5.00E-04,0.003,-0.013,0.103,18.72773042,8.555452251,10.62706633,-6.07E-05,-0.004151111,-0.004593296,0.110964815,41.01952107,12.70765995,27.36425982,0.32635598,0.448514593,0.47203223,0.032983601,149.3009244
111.02,61.002,76.001,2.07,2.423,2.428,0.283,16.763,7.783,0.853,0.003,0.004,-0.012,0.099,18.95283201,8.601904343,10.80900883,0.000950474,-0.002827477,-0.002941466,0.10880243,41.66499874,12.81856519,27.77046251,0.325510772,0.449623753,0.474441938,0.034699334,149.5775609
111.98,59.863,77.376,2.687,2.619,2.572,0.299,16.987,7.8825,0.899,0.001,0.002,-0.012,0.099,19.15462406,8.7446202,10.96310409,0.000600983,-0.003444995,-0.003616271,0.108617499,42.2242955,12.94350036,28.0128484,0.323919168,0.451352133,0.480611328,0.035339704,149.871903
113.7,61.347,76.412,1.908,2.423,2.814,0.311,16.854,7.929,0.999,0.002,0.005,-0.011,0.1,18.97472634,8.737728189,10.89603363,0.000363787,-0.003240375,-0.003564322,0.107582152,41.99546064,12.89547618,27.67808668,0.316235553,0.448270738,0.483428902,0.030890801,150.1849406
101.53,57.237,67.493,2.094,2.387,2.527,0.257,15.5755,6.872,0.51,-0.002,-0.004,-0.016,0.102,17.47062624,7.724467535,9.502634828,-0.003569466,-0.009862082,-0.011756425,0.108895603,37.79728239,12.03619377,24.36269236,0.334864921,0.459102454,0.461308234,0.032200814,150.517628
113.44,61.016,76.392,2.167,2.301,2.799,0.263,16.804,8.043,1.06,0.001,0.004,-0.013,0.099,18.97105255,8.805251794,10.95444037,-8.33E-05,-0.004127521,-0.004707125,0.108744549,42.20220483,12.91713981,27.62271019,0.320318266,0.446844344,0.483874998,0.033618513,150.870878
113.45,61.586,75.644,2.37,2.198,2.802,0.261,16.759,8.036,1.067,0.002,0.004,-0.011,0.099,19.01287186,8.808656697,11.01481051,0.000510649,-0.00319927,-0.003523708,0.108610568,42.48257354,12.90381674,27.72336934,0.334266938,0.457163926,0.490615103,0.032596712,151.245556
115.42,60.825,76.741,2.079,2.504,3.067,0.301,17.106,8.151,1.165,0.002,0.004,-0.011,0.1,19.28895615,8.896345056,11.20361721,0.000635131,-0.003297065,-0.003888534,0.109240151,43.26714204,13.09484469,28.06369049,0.319793973,0.445180233,0.489160486,0.034301397,151.6424737
116.94,61.304,77.149,2.302,2.32,2.649,0.292,17.095,8.187,1.049,0.002,0.004,-0.011,0.107,19.34473179,8.938955768,11.30135618,0.000456464,-0.003614459,-0.003726749,0.11587571,43.6316038,13.13767892,28.15126796,0.331314348,0.451625905,0.501162055,0.034578984,152.0623831
117.61,59.002,77.03,2.019,2.42,2.563,0.313,17.366,8.214,1.1525,0.001,0.004,-0.01,0.106,19.52922121,9.008920359,11.44244947,0.000534672,-0.003309191,-0.003674509,0.114780348,44.17474277,13.28335127,28.46689719,0.320591538,0.445736711,0.496150378,0.033856062,152.5059689
117.54,60.358,78.008,2.276,2.561,2.665,0.287,17.303,8.273,1.134,0.001,0.002,-0.012,0.106,19.56697741,9.074660957,11.5024409,0.000696803,-0.003523313,-0.004038457,0.114142179,44.39360471,13.31178918,28.52876159,0.314329403,0.433378225,0.492174591,0.032239516,152.9738426
118.18,59.654,79.207,2.107,2.053,2.827,0.31,17.574,8.393,1.106,0.002,0.003,-0.009,0.106,19.88630006,9.172084073,11.7178782,0.000714971,-0.003071565,-0.003299192,0.114892909,45.1076748,13.48749249,28.95438091,0.308629953,0.429609955,0.497700349,0.034762676,153.4665341
121.21,61.546,79.734,2.459,2.293,2.844,0.274,17.838,8.458,1.268,0,0.003,-0.01,0.102,20.09658119,9.249757919,11.88795371,0.000602446,-0.003251456,-0.003512288,0.110654225,45.65792646,13.63590757,29.23273792,0.300967834,0.421326675,0.494565774,0.032998599,153.9844848
120.86,62.211,81.289,3.089,2.621,3.5,0.324,17.947,8.498,1.276,0,0.002,-0.01,0.108,20.18535482,9.332075738,11.94894682,0.000795931,-0.002826865,-0.003158141,0.116049908,45.90547023,13.63962039,29.35309469,0.301358506,0.424209956,0.49734156,0.032629539,154.5280396
119.22,60.452,81.501,2.15,2.625,2.325,0.28,18.571,8.697,1.15,0,0,-0.011,0.108,20.35041338,9.443876295,12.05032128,0.000152686,-0.003872536,-0.004467876,0.114456863,46.15625758,13.42889818,29.49019607,0.289188048,0.423985377,0.479164778,0.028051497,155.0974384
103.44,56.75,68.507,2.11,2.19,2.577,0.261,15.521,6.966,0.561,-0.001,-0.001,-0.014,0.099,17.46019767,7.771406867,9.582796514,-0.002639733,-0.00735881,-0.008527605,0.10761099,37.86706238,11.99923691,24.50709575,0.338562907,0.460826918,0.464805004,0.033107373,155.6928081
122.36,61.451,80.584,2.271,2.262,3.014,0.336,18.117,8.643,1.297,0,0,-0.009,0.109,20.36261951,9.454657726,12.1150448,0.000567915,-0.003285017,-0.003654307,0.117060635,46.43942505,13.64727029,29.5314817,0.297924864,0.424480411,0.494111825,0.033513989,156.3141533
120.98,61.848,81.955,2.541,2.693,3.149,0.377,18.226,8.715,1.3225,0.001,-0.001,-0.01,0.113,20.50573286,9.478900373,12.22027966,6.64E-05,-0.003925864,-0.004547562,0.120340875,46.80048691,13.72354267,29.72051377,0.30770503,0.428651182,0.501082681,0.034351602,156.9613477
122.8,61.689,81.967,2.272,2.447,3.038,0.304,18.391,8.735,1.484,0.001,0.001,-0.008,0.11,20.62664836,9.521215409,12.31971648,0.001134422,-0.002218146,-0.002238434,0.116658749,47.1343061,13.76793098,29.85145168,0.300652513,0.426842057,0.497787977,0.031339905,157.634124
123.39,63.093,83.159,2.472,2.362,2.772,0.288,18.543,8.855,1.584,0.001,0,-0.01,0.112,20.77775271,9.616850449,12.44390972,0.000628496,-0.003032996,-0.003481088,0.119460195,47.6496782,13.90312591,30.00883892,0.295275235,0.423901687,0.494487794,0.033567378,158.3320649
122.57,60.879,82.036,2.442,2.488,2.859,0.319,18.591,8.896,1.584,0.001,0,-0.009,0.115,20.8830785,9.643145434,12.51225211,0.000817913,-0.003042706,-0.0035591,0.122626644,47.9758914,13.87897018,30.06385135,0.287650191,0.421677174,0.490575917,0.031897454,159.0545922
124.85,61.869,82.626,2.677,2.431,3.258,0.377,18.85,9.007,1.724,0.001,0,-0.006,0.115,21.09455788,9.714601588,12.67733939,0.001182612,-0.002666821,-0.002519899,0.122999682,48.59700617,13.98100847,30.37699427,0.298034515,0.427281094,0.496900886,0.034163254,159.800957
125.41,64.877,83.398,2.407,1.992,3.051,0.321,19.1205,9.117,1.691,0.001,-0.002,-0.008,0.117,21.31133246,9.829647378,12.82975742,0.000345791,-0.003856838,-0.004424182,0.123079456,49.28284417,14.10092936,30.70828504,0.292699696,0.427727049,0.493863561,0.032204084,160.5702285
125.67,63.096,83.182,2.273,2.259,2.901,0.312,19.2295,9.186,1.772,0.001,-0.002,-0.004,0.113,21.43329371,9.886069866,12.93124203,0.000914263,-0.002792272,-0.003068083,0.120279972,49.75188523,14.16978345,30.81081308,0.305847157,0.430681439,0.503019179,0.032588708,161.361283
127.46,62.232,85.408,2.264,2.46,3.127,0.284,19.547,9.241,1.85,-0.001,-0.005,-0.003,0.116,21.61938407,9.956076318,13.07490439,0.000515773,-0.00325717,-0.003760579,0.123363832,50.32623837,14.32431805,31.04684494,0.347176629,0.445125392,0.525521508,0.034267333,162.1727923
122.05,56.226,76.772,2.393,2.8,3.084,0.29,17.324,7.148,0.514,0.01,0.015,0.005,0.113,19.41885747,7.779134582,11.03930564,0.007473783,0.008077123,0.011294972,0.118670962,47.74207205,13.64959228,28.65071673,0.347967374,0.455742394,0.54405093,0.029404435,163.0032119
122.88,57.776,77.945,2.613,2.593,2.945,0.268,17.519,7.44,0.751,0.001,0.001,-0.011,0.117,19.73375646,8.183438242,11.4030778,0.000208141,-0.003346074,-0.00372123,0.122500906,48.32506242,13.81377022,29.23209849,0.320572745,0.434057983,0.522988392,0.029345732,163.8507685
124.08,58.604,78.835,2.649,2.583,2.946,0.302,17.338,7.477,0.847,0.002,0,-0.01,0.119,19.76077048,8.238568753,11.47488204,0.00055629,-0.003394115,-0.003807029,0.123917537,48.47757756,13.85105269,29.27114585,0.340826123,0.441344045,0.530547466,0.03129423,164.7134478
126.25,58.798,78.564,2.672,2.747,2.896,0.285,17.524,7.643,0.841,0.001,0.001,-0.009,0.122,19.93734711,8.396560288,11.63859154,1.85E-05,-0.003584053,-0.003807855,0.127093857,49.00164412,13.91956111,29.53329962,0.340297896,0.440924756,0.531930488,0.030190153,165.5889811
127.44,58.788,80.172,2.674,3.154,2.962,0.325,17.558,7.686,0.8185,0.001,0.002,-0.009,0.125,19.956004,8.450909402,11.72715925,0.001034541,-0.002583127,-0.002676942,0.130429948,49.22433752,14.00916744,29.66038669,0.340890123,0.446470975,0.530586747,0.031044158,166.4748318
127.53,60.19,81.196,2.719,2.838,3.28,0.303,17.715,7.7935,0.8965,0,-0.001,-0.009,0.13,20.12556696,8.576139403,11.88828454,0.000292494,-0.003874707,-0.004400154,0.13459364,49.72918586,14.15463698,30.0184485,0.35115051,0.446607367,0.535406102,0.030467753,167.3681819
127.61,60.963,80.599,3.042,2.67,3.353,0.326,17.878,7.846,0.91,0.002,0.002,-0.008,0.136,20.18884379,8.631215977,11.97114096,0.001248554,-0.002247189,-0.002465569,0.14124534,50.0141895,14.20115872,30.14721917,0.337647539,0.443727935,0.530295564,0.032416406,168.2659177
128,60.454,81.709,2.406,2.267,3.147,0.32,17.9655,7.933,1.106,0,-0.002,-0.01,0.142,20.22191761,8.688106206,12.05268109,0.000496664,-0.003434162,-0.003706562,0.146846152,50.20421646,14.19732293,30.20143977,0.329790605,0.446874771,0.526612852,0.032531722,169.1646147
127.4,61.015,80.503,2.351,2.531,3.442,0.325,17.799,7.933,1.117,0.002,0.002,-0.006,0.148,20.04835636,8.701449535,12.02052192,0.000984236,-0.002752291,-0.003161048,0.152905965,49.89100631,14.11296029,29.9225509,0.328264275,0.443681164,0.53086742,0.033469834,170.0605234
127.45,61.11,80.946,2.232,2.358,3.035,0.327,17.6765,7.927,1.218,0.002,0,-0.007,0.148,19.95719077,8.70683843,12.00858758,0.000646471,-0.003248327,-0.00330177,0.153545927,49.78703053,14.0252297,29.82751352,0.333867318,0.451659493,0.53611029,0.034327699,170.9495527
126.65,61.923,79.826,2.029,2.387,2.969,0.365,17.3135,7.842,1.409,0.004,-0.001,-0.009,0.149,19.59128191,8.635446861,11.85351471,0.001143589,-0.002410879,-0.002428827,0.15386174,49.08456645,13.83536396,29.27216323,0.325602183,0.443439485,0.532609652,0.034375721,171.827255
121.97,58.076,78.441,2.041,2.788,3.142,0.301,17.585,7.269,0.694,-0.003,-0.003,-0.019,0.114,19.6669947,8.005072482,11.25416061,-0.003734085,-0.009529419,-0.011252503,0.119465172,48.08196619,13.7914256,29.03185815,0.323969121,0.435275782,0.527400891,0.030791166,172.688809
127.22,62.237,79.058,2.291,2.463,3.035,0.365,17.707,7.82,1.478,0.003,0,-0.005,0.16,19.61297871,8.637734994,11.91722782,0.001011869,-0.002901653,-0.002911568,0.164985823,48.98017366,13.77702662,29.2965775,0.352030301,0.44938299,0.545234858,0.035896242,173.5290036
125.24,59.228,80.585,2.3,2.425,3.421,0.337,17.699,7.784,1.497,0.002,-0.001,-0.007,0.165,19.53508531,8.609651374,11.8942514,0.000582149,-0.003394172,-0.003779254,0.169373597,48.83829302,13.67323868,29.07012989,0.353043735,0.446371065,0.544053652,0.033317382,174.3422199
125.29,57.673,79.72,2.213,2.763,3.248,0.338,17.796,7.921,1.575,0.002,-0.002,-0.007,0.17,19.5962974,8.68855098,11.97362766,-9.66E-05,-0.003977641,-0.004633123,0.174270451,48.95033196,13.65803947,29.04797162,0.351981781,0.450015972,0.538665336,0.034008214,175.1224141
126.32,60.494,79.463,2.461,2.357,3.779,0.372,17.874,7.893,1.708,0.003,0,-0.003,0.175,19.6587999,8.667561682,12.05408284,0.001633458,-0.001963307,-0.001808082,0.179566055,49.13912799,13.71836129,29.1981658,0.349916117,0.441710069,0.538871317,0.034684406,175.8630988
127.21,59.859,79.713,2.231,2.259,3.138,0.369,18.05,7.933,1.742,0.002,-0.001,-0.005,0.181,19.7530425,8.697715606,12.15498842,0.000718752,-0.003212302,-0.003433789,0.185448492,49.56377355,13.76088878,29.34561148,0.357236941,0.438940745,0.536724122,0.036844163,176.5573244
125.85,60.562,80.118,2.399,2.276,3.218,0.371,18.094,7.985,1.832,0.002,0,-0.005,0.188,19.73841171,8.766296415,12.20965664,0.000480102,-0.003659878,-0.004015266,0.192186505,49.60503236,13.74325336,29.283092,0.35477402,0.436576354,0.534939791,0.037260413,177.1976604
127.03,60.358,79.355,1.882,2.547,2.845,0.38,18.2645,8.02,1.882,0.002,-0.002,-0.004,0.193,19.84811367,8.800779099,12.30046836,0.000748579,-0.003231343,-0.003422306,0.198110387,50.00235376,13.760554,29.37919112,0.344430102,0.432023144,0.530005101,0.036586471,177.776175
128.05,60.959,79.082,2.141,2.254,2.846,0.409,18.05,8.054,1.875,0.002,-0.002,-0.004,0.202,19.7178949,8.784923249,12.25430693,0.000786012,-0.003305703,-0.003289651,0.207062553,49.84642303,13.67551807,29.127617,0.356679245,0.432394833,0.530126415,0.040959771,178.2844153
126.73,62.064,80.294,2.349,2.224,3.885,0.407,18.1955,8.11,1.983,0.002,-0.001,-0.004,0.211,19.79404287,8.817691664,12.31925132,0.001106815,-0.002579768,-0.0023796,0.214835697,50.14455773,13.77010589,29.19824375,0.347433252,0.43284659,0.532724146,0.039676129,178.7133868
125.58,60.308,77.38,2.222,2.551,2.784,0.392,18.079,8.142,2.034,0.002,-0.001,-0.004,0.216,19.64086975,8.865444842,12.25327421,0.000781106,-0.002951152,-0.003050358,0.219465602,50.02897544,13.69419,28.72845217,0.3439576,0.419075673,0.535417412,0.039589677,179.0535319
123.18,57.303,76.771,2.109,2.323,2.559,0.286,18.207,7.422,0.618,-0.001,-0.001,-0.02,0.115,19.81999799,8.092143167,11.36120272,-0.002798926,-0.007182083,-0.008715013,0.119968921,48.17401153,13.68267733,29.15039557,0.31553678,0.433789721,0.518769246,0.026417439,179.2947081
126.58,62.353,77.586,2.268,2.378,3.647,0.485,17.952,8.118,2.021,0.002,-0.002,-0.004,0.222,19.54529013,8.837620438,12.24349345,0.000461982,-0.003346639,-0.003542241,0.22504921,50.02973382,13.68541411,28.61712565,0.348025926,0.419147055,0.542817971,0.041279696,179.4261663
126.74,62.637,78.568,2.025,2.174,2.699,0.445,17.9045,8.108,1.988,0.002,-0.001,-0.004,0.23,19.44813419,8.84821417,12.24319826,0.000810088,-0.003223531,-0.003307062,0.232632313,49.92267899,13.6739831,28.47880955,0.341597179,0.416752528,0.535653509,0.042149909,179.4365275
128.99,60.176,77.055,2.588,2.139,3.536,0.39,18.0865,8.1975,1.949,0.002,-0.002,-0.004,0.237,19.57048008,8.931804593,12.36556304,0.00084711,-0.003145375,-0.003410368,0.240073617,50.34198768,13.73996552,28.71980721,0.345936598,0.417231569,0.532876147,0.041931467,179.4365275
128.98,63.508,76.723,2.479,2.31,3.347,0.463,18.403,8.251,2.107,0.001,-0.002,-0.007,0.246,19.74973117,9.033950374,12.52334696,0.000360679,-0.003875492,-0.004021678,0.249320407,50.68382672,13.86041181,28.93766077,0.350241109,0.416143206,0.534271679,0.045365798,179.4365275
