"","case","run","VB","time","DOC","feed","material","smcAC_median","smcAC_mean","smcAC_stdev","smcDC_median","smcDC_mean","smcDC_stdev","vib_table_median","vib_table_mean","vib_table_stdev","vib_spindle_median","vib_spindle_mean","vib_spindle_stdev","AE_table_median","AE_table_mean","AE_table_stdev","AE_spindle_median","AE_spindle_mean","AE_spindle_stdev"
"1",1,1,0,2,1.5,0.5,1,-0.15625,-0.16425537109375,1.52341993739194,6.8017578125,5.43844943576389,2.24382039074636,1.953125,1.61217936197917,0.777119958029829,0.589599609375,0.550384114583333,0.149272054989417,0.1702880859375,0.169631483289931,0.0546387842146733,0.189208984375,0.188504096137153,0.0564819677978089
"2",1,2,NA,4,1.5,0.5,1,-0.15380859375,-0.166146918402778,1.55786421149942,6.953125,5.56566189236111,2.28972339497338,1.86279296875,1.54323079427083,0.742393657612788,0.58837890625,0.548625895182292,0.152247923490477,0.1739501953125,0.173653021918403,0.0557671470722797,0.1898193359375,0.188342624240451,0.0554978994982132
"3",1,3,NA,6,1.5,0.5,1,-0.157470703125,-0.167511935763889,1.57598153012451,7.03125,5.63637098524306,2.30662915048055,1.7578125,1.46664442274306,0.684949390442729,0.5908203125,0.556704237196181,0.158352277068608,0.1763916015625,0.175477973090278,0.0546857339915955,0.208740234375,0.209611545138889,0.0712646400912622
"4",1,4,0.11,7,1.5,0.5,1,-0.15380859375,-0.162823079427083,1.63069933067191,7.2900390625,5.82778917100694,2.38509362233969,1.6943359375,1.42771104600694,0.661901061482373,0.546875,0.509748399522569,0.119354327080032,0.1910400390625,0.187831692165799,0.0530906957597914,0.216064453125,0.216905788845486,0.0640500127973054
"5",1,5,NA,11,1.5,0.5,1,-0.15869140625,-0.162127278645833,1.8433960948216,8.3154296875,6.55465277777778,2.77271274996322,1.82373046875,1.53480333116319,0.688343605482298,0.518798828125,0.477525906032986,0.105931225929051,0.2032470703125,0.197414076063368,0.0568941406361066,0.2349853515625,0.228438042534722,0.0594126545670529
"6",1,6,0.2,15,1.5,0.5,1,-0.15869140625,-0.157327473958333,2.0076475613615,9.04296875,7.14823187934028,2.9866223811756,1.0888671875,0.930610080295139,0.393951789598603,0.49072265625,0.460113525390625,0.0948524243244863,0.2166748046875,0.207656860351562,0.0597544515316023,0.225830078125,0.218572455512153,0.0561788350299169
"7",1,7,0.24,19,1.5,0.5,1,-0.15869140625,-0.157892523871528,2.05570056769278,9.5947265625,7.49055609809028,3.22407425669472,1.73095703125,1.49471489800347,0.678201364176303,0.416259765625,0.401415201822917,0.059651384065601,0.1959228515625,0.187047458224826,0.0561315069416243,0.3045654296875,0.285886094835069,0.0940036805289512
"8",1,8,0.29,22,1.5,0.5,1,-0.15380859375,-0.177523328993056,2.25703411023369,9.9951171875,7.81853678385417,3.19311660192716,0.97412109375,0.86292724609375,0.356343217337738,0.41748046875,0.406559787326389,0.0804003160433308,0.25146484375,0.236333957248264,0.0731789305634025,0.281982421875,0.269142116970486,0.0758390580134333
"9",1,9,0.28,26,1.5,0.5,1,-0.15380859375,-0.159537217881944,2.34763611876224,9.9951171875,7.85519694010417,3.15321873702385,1.5625,1.34972764756944,0.575686922782947,0.413818359375,0.399489881727431,0.0638181703256731,0.2618408203125,0.246066623263889,0.0765462940269535,0.3515625,0.328968370225694,0.109626881464136
"10",1,10,0.29,29,1.5,0.5,1,-0.146484375,-0.146325954861111,2.51648798539292,9.9951171875,8.06822645399306,3.0090394060441,0.8837890625,0.78770263671875,0.289695200769036,0.384521484375,0.374240451388889,0.0484809517956232,0.2880859375,0.270225016276042,0.0820780020036625,0.3253173828125,0.310605672200521,0.0883431627232679
"11",1,11,0.38,32,1.5,0.5,1,-0.146484375,-0.154833984375,2.46146457520129,9.9951171875,7.99363226996528,3.11606819802768,0.810546875,0.717020399305556,0.271497231072335,0.36376953125,0.356632486979167,0.0431442022865813,0.2813720703125,0.263792656792535,0.0833334267021621,0.4119873046875,0.383425971137153,0.128466483273122
"12",1,12,0.4,35,1.5,0.5,1,-0.1513671875,-0.154187282986111,2.68861697437391,9.9951171875,8.01802680121528,3.20765446128358,1.32568359375,1.14150607638889,0.506030143453549,0.45654296875,0.446132541232639,0.0603810017792178,0.2813720703125,0.263971489800347,0.0948954598799054,0.3692626953125,0.342969563802083,0.115654077945701
"13",1,13,0.43,38,1.5,0.5,1,-0.1611328125,-0.153116861979167,2.69216490629097,9.9951171875,8.11693033854167,3.10453818052492,1.01806640625,0.883341471354167,0.35757357711038,0.3759765625,0.369421115451389,0.0400067093176402,0.2960205078125,0.277160780164931,0.0919677645390286,0.362548828125,0.338744845920139,0.108883357239565
"14",1,14,0.45,41,1.5,0.5,1,-0.15625,-0.147566731770833,2.77774345493868,9.9951171875,8.15506510416667,3.06885383304956,1.142578125,1.01342095269097,0.39658784687135,0.3857421875,0.377190212673611,0.0428113340374928,0.3125,0.291543104383681,0.0974372239857496,0.3985595703125,0.364982774522569,0.123430532121912
"15",1,15,0.5,44,1.5,0.5,1,-0.15625,-0.156340060763889,2.92224997469342,9.9951171875,8.29601128472222,2.96470480910507,0.78857421875,0.699903971354167,0.253759660383785,0.396728515625,0.384923366970486,0.0507222608248682,0.3271484375,0.307630140516493,0.099663209596516,0.41748046875,0.395768636067708,0.129955561549069
"16",1,16,NA,46,1.5,0.5,1,-0.15625,-0.166937934027778,2.82795798856293,9.9951171875,8.21013075086806,2.97882286545976,1.123046875,1.01141899956597,0.407443249737721,0.372314453125,0.364474962022569,0.048721285439865,0.2935791015625,0.275166286892361,0.0889996543765008,0.467529296875,0.440348917643229,0.159842597656298
"17",1,17,0.44,48,1.5,0.5,1,-0.1513671875,-0.147477213541667,2.87382040975876,9.9951171875,8.28,2.89630205588223,1.12060546875,1.01262369791667,0.3997373690329,0.391845703125,0.381145833333333,0.0562101834647209,0.302734375,0.282169325086806,0.0909345159943208,0.44921875,0.419140014648437,0.147460243380864
"18",2,1,0.08,3,0.75,0.5,1,-0.1220703125,3.52800864243299e+25,1.45898152529838e+28,5.283203125,-94463317866101280,4943285954129351680,1.102294921875,1.05840773375336e+26,1.3595826662497e+28,0.5859375,4.64682539943811e+30,5.38457159653208e+32,0.162353515625,-1.15601333493585e+30,3.95479920648088e+32,0.2203369140625,-4.69951615828603e+25,1.64132485685351e+26
"19",2,2,0.14,9,0.75,0.5,1,-0.1611328125,-0.176344401041667,1.07748642736719,4.8828125,4.04411892361111,1.3798573696112,0.8544921875,0.732719455295139,0.347894764286081,0.49560546875,0.459361436631944,0.104340368221588,0.15625,0.142122260199653,0.0649619150322155,0.224609375,0.216492106119792,0.0592642545084369
"20",2,3,0.14,12,0.75,0.5,1,-0.1611328125,-0.179824761284722,1.08721901838059,4.931640625,4.089541015625,1.37743274068037,0.87890625,0.755313313802083,0.343468032644114,0.487060546875,0.459279106987847,0.0927792437464063,0.1556396484375,0.154714016384549,0.0369143573036324,0.220947265625,0.215946180555556,0.0554077064235882
"21",2,4,0.14,15,0.75,0.5,1,-0.15625,-0.171961805555556,1.15875277347602,5.3076171875,4.34274956597222,1.5356932650277,1.19384765625,1.02918348524306,0.469220624719642,0.390625,0.380132514105903,0.0547809255678051,0.147705078125,0.144810791015625,0.0334377156067971,0.2142333984375,0.207469821506076,0.0586894325834749
"22",2,5,0.15,22,0.75,0.5,1,-0.15625,-0.171944986979167,1.24259357890595,5.6884765625,4.62712836371528,1.69231605553441,1.103515625,0.986578233506944,0.444120580589773,0.33203125,0.335600043402778,0.053741618352214,0.0994873046875,0.0853563096788194,0.0660657811990218,0.2130126953125,0.203119303385417,0.0506471049440168
"23",2,6,NA,24,0.75,0.5,1,-0.15625,-0.172162543402778,1.25184515552226,5.7373046875,4.66726671006944,1.69651904902266,1.01318359375,0.916451280381944,0.382847494790897,0.338134765625,0.348620741102431,0.109220362441291,0.16357421875,0.161336805555556,0.0416910539497165,0.19775390625,0.17275146484375,0.0733743101341307
"24",2,7,0.18,27,0.75,0.5,1,-0.15869140625,-0.166740451388889,1.33020186480699,6.1181640625,4.98513400607639,1.80270344283129,0.80810546875,0.719459092881944,0.30426346847229,0.3125,0.322810872395833,0.110908246861723,0.1678466796875,0.161931627061632,0.0362895304884253,0.198974609375,0.192994723849826,0.0402973706571269
"25",2,8,0.22,33,0.75,0.5,1,-0.15380859375,-0.167139485677083,1.43870184529942,6.572265625,5.34731228298611,1.94208837563379,0.94482421875,0.853814561631944,0.370972982135278,0.308837890625,0.329078776041667,0.157933651891028,0.177001953125,0.171061808268229,0.0398649519802835,0.2239990234375,0.216167805989583,0.0506273498147648
"26",2,9,0.26,39,0.75,0.5,1,-0.15625,-0.163523491753472,1.60317926122785,7.3681640625,5.96140950520833,2.2008128438571,0.8935546875,0.819485405815972,0.335127919739434,0.291748046875,0.301995035807292,0.0927968781334162,0.1837158203125,0.177607014973958,0.0417949977213303,0.28076171875,0.269791531032986,0.0775940959446436
"27",2,10,0.31,45,0.75,0.5,1,-0.15869140625,-0.160912000868056,1.70332378151784,7.9296875,6.24464898003472,2.67570941175728,0.8642578125,0.752034505208333,0.370156540153313,0.333251953125,0.335106065538194,0.0418567860505001,0.203857421875,0.192438557942708,0.0563551932390202,0.303955078125,0.282835286458333,0.102055880318236
"28",2,11,0.38,51,0.75,0.5,1,-0.15380859375,-0.161342230902778,1.89071028392598,8.69140625,7.0578271484375,2.61023251261251,0.56640625,0.533648274739583,0.204899518917637,0.333251953125,0.335162896050347,0.0375287250994116,0.21484375,0.206476372612847,0.0543955606408076,0.3424072265625,0.323312310112847,0.105321137366291
"29",2,12,0.43,59,0.75,0.5,1,-0.15625,-0.163008897569444,1.91066785281295,8.62060546875,7.13565321180556,2.59059986422001,0.8154296875,0.783321940104167,0.283193601226271,0.316162109375,0.319903971354167,0.0538249611699815,0.23193359375,0.224434882269965,0.0572485237866866,0.35400390625,0.348143242730035,0.107988036488296
"30",2,13,0.48,66,0.75,0.5,1,-0.15380859375,-0.157615017361111,2.13513103989072,9.599609375,7.93621148003472,2.81178270638247,0.5322265625,0.507416178385417,0.184102242508028,0.281982421875,0.283875325520833,0.0177505809396393,0.2532958984375,0.241975301106771,0.0667576600401999,0.4119873046875,0.391849093967014,0.129791195217586
"31",2,14,0.55,72,0.75,0.5,1,-0.15625,-0.158124457465278,2.14974723476076,9.7412109375,7.71277126736111,3.27452277347424,0.478515625,0.436235622829861,0.194912529462921,0.274658203125,0.276611870659722,0.0153505020063699,0.267333984375,0.249906887478299,0.0842175674549096,0.37353515625,0.350154893663194,0.131148923742345
"32",3,1,0,0,0.75,0.25,1,-0.16357421875,-0.1841259765625,0.864034980882912,3.5791015625,3.38541069878472,0.517692621177087,1.162109375,1.17852403428819,0.598615982133039,0.281982421875,0.283421630859375,0.0125314027737364,0.1318359375,0.135435926649306,0.0207768604158478,0.177001953125,0.186965128580729,0.0468122762998051
"33",3,2,0.13,3,0.75,0.25,1,-0.15869140625,-0.172830403645833,0.856032450523474,3.6767578125,3.28837673611111,0.804610318608598,0.823974609375,0.859315592447917,0.49881077074888,0.2880859375,0.290269775390625,0.0142588410555697,0.1336669921875,0.137251383463542,0.0237493468151386,0.164794921875,0.168524509006076,0.0316355743909758
"34",3,3,0.13,9,0.75,0.25,1,-0.15869140625,-0.177487521701389,0.923999268387922,4.013671875,3.52703016493056,0.951778867311238,0.7568359375,0.751208767361111,0.384993114681516,0.284423828125,0.285599907769097,0.0126170151957609,0.1397705078125,0.141921793619792,0.023858175534534,0.1739501953125,0.175392727322049,0.0320755215458886
"35",3,5,0.17,21,0.75,0.25,1,-0.14404296875,-0.159249131944444,1.00229762500327,4.3017578125,3.87858723958333,0.907726677430706,0.8251953125,0.798416883680556,0.350259115384253,0.323486328125,0.322452663845486,0.0158171578713236,0.15380859375,0.156194864908854,0.0275232666854057,0.19317626953125,0.194905124240451,0.0371068171638251
"36",3,6,0.19,27,0.75,0.25,1,-0.1513671875,-0.162909884982639,1.08459267226054,4.55078125,4.22516981336806,0.818506343207012,1.02783203125,0.995295681423611,0.355913695378804,0.31982421875,0.320018581814236,0.0156279706084006,0.155029296875,0.155890299479167,0.0236103576165709,0.2215576171875,0.221776665581597,0.0465862593868898
"37",3,7,0.2,33,0.75,0.25,1,-0.1513671875,-0.167424858940972,1.05258301376202,4.53125,4.04077419704861,1.04701940326831,0.6494140625,0.699207356770833,0.302574848765535,0.3076171875,0.307713487413194,0.0162773630014435,0.1617431640625,0.162775607638889,0.0282642893464569,0.20660400390625,0.206150987413194,0.0355330753789349
"38",3,8,0.23,39,0.75,0.25,1,-0.1513671875,-0.168935004340278,1.21477686667211,5.1953125,4.67859483506944,1.13154630703566,0.6396484375,0.626440972222222,0.190810498409483,0.279541015625,0.281425103081597,0.0148468535266312,0.16357421875,0.162605658637153,0.0258312748283399,0.216064453125,0.214212985568576,0.0370480523562341
"39",3,9,0.23,45,0.75,0.25,1,-0.1513671875,-0.162460123697917,1.19196328725753,5.498046875,4.38359754774306,1.769309478626,0.7470703125,0.663738606770833,0.309823662144538,0.272216796875,0.274439968532986,0.0250435814887801,0.169677734375,0.164176839192708,0.0326552936006912,0.2313232421875,0.21851555718316,0.0501562635518596
"40",3,10,0.26,51,0.75,0.25,1,-0.14892578125,-0.161255425347222,1.42415188667969,6.1279296875,5.43860948350694,1.46646575215606,0.576171875,0.559427354600694,0.154239482287741,0.291748046875,0.291174994574653,0.0364609711557504,0.1922607421875,0.189912380642361,0.0372356512126534,0.26123046875,0.258480495876736,0.0492093526561821
"41",3,11,0.28,57,0.75,0.25,1,-0.1513671875,-0.162544216579861,1.47178228706664,6.376953125,5.58915364583333,1.61005178413991,0.78369140625,0.733194986979167,0.228885178388792,0.267333984375,0.270137125651042,0.027510093327393,0.1959228515625,0.192351684570312,0.0361534883396971,0.3009033203125,0.293968980577257,0.0672229378472972
"42",3,12,0.33,63,0.75,0.25,1,-0.14892578125,-0.155493706597222,1.59312665565203,6.8603515625,6.03665852864583,1.83228620716388,0.58349609375,0.537231987847222,0.156434664188851,0.26123046875,0.262799886067708,0.0191305127482005,0.2191162109375,0.21312981499566,0.0444577558790011,0.2862548828125,0.279216986762153,0.056676159254483
"43",3,14,0.36,69,0.75,0.25,1,-0.14892578125,-0.159524468315972,1.57104891889302,6.787109375,5.93915907118056,1.81576671323033,0.5419921875,0.508803168402778,0.126962442943605,0.235595703125,0.235580919053819,0.0195702088040419,0.218505859375,0.212303263346354,0.0433645236340695,0.380859375,0.370408664279514,0.105690838609672
"44",3,15,0.44,75,0.75,0.25,1,-0.1513671875,-0.161931966145833,1.69730537256857,7.4755859375,6.31636881510417,2.30356663957351,0.64208984375,0.593509657118056,0.184643265875641,0.26123046875,0.264486219618056,0.0171372872476554,0.2423095703125,0.233121880425347,0.0578948677366543,0.3271484375,0.318611111111111,0.0913955227986511
"45",3,16,0.55,81,0.75,0.25,1,-0.146484375,-0.15243408203125,1.881239627495,8.212890625,7.11694064670139,2.17472301357451,0.537109375,0.508998752170139,0.121478922390666,0.274658203125,0.277576497395833,0.0314348516766842,0.2459716796875,0.239665052625868,0.0512563224995201,0.318603515625,0.312533501519097,0.0686527794199246
"46",4,1,0.08,3,1.5,0.25,1,-0.1513671875,-0.166368272569444,1.2258240941747,5.3173828125,4.63288736979167,1.44721565930523,1.4453125,1.32328911675347,0.65707893483906,0.2978515625,0.299404432508681,0.0141337336484012,0.16357421875,0.173722195095486,0.046499685528856,0.206298828125,0.218898111979167,0.0627228504036688
"47",4,2,0.13,9,1.5,0.25,1,-0.1513671875,-0.157574055989583,1.434211462269,6.2353515625,5.41878200954861,1.64808930583022,1.121826171875,1.02731418185764,0.452387228400767,0.2880859375,0.289201931423611,0.0138006629090277,0.1824951171875,0.179715169270833,0.0356057966908456,0.2349853515625,0.232736206054688,0.0531084595981815
"48",4,3,0.2,15,1.5,0.25,1,-0.1513671875,-0.159725748697917,1.45207576521456,6.2939453125,5.48902777777778,1.65354875356285,1.60400390625,1.44346544053819,0.505947816182401,0.283203125,0.285581868489583,0.0154979172111741,0.18798828125,0.187952067057292,0.0399176297087309,0.279541015625,0.277915174696181,0.0772714523526594
"49",4,4,0.31,21,1.5,0.25,1,-0.146484375,-0.153473849826389,1.63333790758849,7.0947265625,6.16822916666667,1.88336104454954,0.97412109375,0.901412489149306,0.3305414518096,0.28564453125,0.288279758029514,0.014356806743527,0.216064453125,0.210830959743924,0.0457533503866217,0.2734375,0.263970811631944,0.0570437449289468
"50",4,5,0.35,27,1.5,0.25,1,-0.14892578125,-0.154446614583333,1.67604501118716,7.255859375,6.30037217881944,2.0275596036817,0.77392578125,0.729483235677083,0.286661961596466,0.277099609375,0.278785536024306,0.0136003038956912,0.2105712890625,0.206252916124132,0.0435683851497382,0.325927734375,0.317304484049479,0.0845583276592839
"51",4,6,0.4,34,1.5,0.25,1,-0.1513671875,-0.154899359809028,1.98834516976062,8.740234375,7.46694715711806,2.6340683423056,1.10595703125,1.01816460503472,0.430175978240548,0.29541015625,0.297224527994792,0.0158938372313386,0.2783203125,0.267848714192708,0.0761683321102229,0.33447265625,0.32242431640625,0.094105899316825
"52",4,7,0.49,39,1.5,0.25,1,-0.16357421875,-0.161441243489583,2.09963501614212,9.091796875,7.94262424045139,2.55051179058285,0.7861328125,0.718029513888889,0.26522986653166,0.283203125,0.285894775390625,0.0223358859219137,0.2838134765625,0.274680921766493,0.071042182477947,0.3375244140625,0.327567409939236,0.0833665685563597
"53",9,1,0,1,1.5,0.5,1,-0.15625,-0.163643934461806,1.40648019962002,6.4111328125,5.17405327690972,2.10404474130609,2.1533203125,1.82973768446181,0.843197403376795,0.3125,0.311072998046875,0.0188393254726703,0.181884765625,0.175422498914931,0.0332384808369118,0.2197265625,0.215611911349826,0.0475689400495013
"54",9,2,0.1,3,1.5,0.5,1,-0.15380859375,-0.165690375434028,1.40235691821714,6.318359375,5.16622287326389,2.08116088816828,1.650390625,1.40046902126736,0.646201843156576,0.308837890625,0.307744411892361,0.0194716526761785,0.1898193359375,0.181836140950521,0.0362081373466941,0.223388671875,0.217623087565104,0.0476595286005289
"55",9,3,0.14,9,1.5,0.5,1,-0.14892578125,-0.151982964409722,1.758933103303,8.1494140625,6.45482096354167,2.76002397917716,1.70654296875,1.47782280815972,0.647991158715117,0.352783203125,0.353550754123264,0.0240147802295721,0.201416015625,0.190946790907118,0.0445487825764845,0.2581787109375,0.247903645833333,0.0677279374632454
"56",9,4,0.19,16,1.5,0.5,1,-0.1513671875,-0.155531955295139,2.0064036603004,9.3310546875,7.35511501736111,3.14187750975312,1.78955078125,1.56735541449653,0.680295220457958,0.33203125,0.331401638454861,0.0153198499544613,0.2154541015625,0.203730197482639,0.0505910545333564,0.2777099609375,0.265586480034722,0.0723368461460157
"57",9,5,0.27,22,1.5,0.5,1,-0.1513671875,-0.147990451388889,2.24241691922127,9.9951171875,7.74406412760417,3.24219884004878,1.17431640625,1.02024468315972,0.426657585554917,0.303955078125,0.304773356119792,0.0202170582117301,0.2471923828125,0.233543633355035,0.0598381941704985,0.30487060546875,0.28922370062934,0.0728061240724101
"58",9,6,0.38,28,1.5,0.5,1,-0.146484375,-0.152852647569444,2.41347393677143,9.9951171875,7.85604817708333,3.21020772175975,0.95458984375,0.828885904947917,0.334495796705907,0.2978515625,0.299203423394097,0.0354829187866672,0.2728271484375,0.255344780815972,0.0710396147785235,0.321044921875,0.303651597764757,0.0824458966504907
"59",9,7,0.47,34,1.5,0.5,1,-0.146484375,-0.153038736979167,2.66606605916197,9.9951171875,8.06997504340278,3.08896976977891,0.89111328125,0.776085340711806,0.28879454010377,0.29541015625,0.296848822699653,0.0223648956622352,0.299072265625,0.280461697048611,0.07986083478625,0.338134765625,0.321885375976563,0.0905226498497997
"60",9,8,0.64,40,1.5,0.5,1,-0.1513671875,-0.143778754340278,2.86990464193718,9.9951171875,8.16460069444445,3.03104042736278,0.83251953125,0.732054850260417,0.270809189147446,0.294189453125,0.297473008897569,0.0286085543150209,0.3265380859375,0.305839572482639,0.0911344866044639,0.3363037109375,0.316348198784722,0.084487920732663
"61",9,9,0.81,46,1.5,0.5,1,-0.146484375,-0.148937717013889,3.05811215160909,9.9951171875,8.26845974392361,2.94825017456197,0.73486328125,0.686679416232639,0.241939823822375,0.28564453125,0.286715087890625,0.0310342258244813,0.3564453125,0.336086222330729,0.10635440293757,0.386962890625,0.373226453993056,0.117668172491432
"62",10,1,0,0,1.5,0.25,1,-0.1513671875,-0.168725043402778,1.26730873332099,5.5810546875,4.7335791015625,1.61304200142908,1.25732421875,1.08592881944444,0.491087813764877,0.2978515625,0.297212592230903,0.015663331475737,0.157470703125,0.155208197699653,0.0243192913374232,0.18310546875,0.180540432400174,0.0271246295270151
"63",10,2,0.04,4,1.5,0.25,1,-0.15625,-0.166905924479167,1.29853590450063,5.6298828125,4.917646484375,1.52038727318172,1.0791015625,0.963897569444444,0.431776157064891,0.2978515625,0.301211073133681,0.0328919835614222,0.1654052734375,0.162450018988715,0.0267078238845432,0.1971435546875,0.196392550998264,0.0357730061207639
"64",10,3,0.08,9,1.5,0.25,1,-0.15380859375,-0.164450412326389,1.466220919743,6.3232421875,5.54832465277778,1.70515746707169,1.03271484375,0.922877875434028,0.375714573957462,0.2880859375,0.288219943576389,0.0132563430409471,0.174560546875,0.171657918294271,0.0307153896018432,0.211181640625,0.208545871310764,0.039164933815795
"65",10,4,0.16,15,1.5,0.25,1,-0.1513671875,-0.160945638020833,1.6278823630025,7.021484375,6.1561376953125,1.90705645693417,1.005859375,0.935381944444444,0.354446549001776,0.2978515625,0.300006917317708,0.0156749334363685,0.2032470703125,0.197409125434028,0.0372239900583061,0.22216796875,0.216854587131076,0.0381221996988316
"66",10,5,0.25,21,1.5,0.25,1,-0.1513671875,-0.155128580729167,1.80940890059038,7.880859375,6.75919867621528,2.33007147530439,0.8935546875,0.7931201171875,0.311038937530758,0.286865234375,0.290113525390625,0.0187590068241084,0.22216796875,0.215374484592014,0.0488279871714411,0.234375,0.225637071397569,0.0435504995431576
"67",10,6,0.36,27,1.5,0.25,1,-0.1513671875,-0.158357204861111,1.96841522734098,8.583984375,7.37421929253472,2.5157317311664,0.843505859375,0.7738671875,0.309299169106633,0.28076171875,0.285648057725694,0.0279774551870226,0.2496337890625,0.241775377061632,0.057243439214319,0.29296875,0.281335856119792,0.0663325042009893
"68",10,7,0.43,33,1.5,0.25,1,-0.15625,-0.155190972222222,2.17674226990469,9.5068359375,8.16030490451389,2.71316313513503,0.6591796875,0.62559814453125,0.228522067840876,0.27587890625,0.281128472222222,0.0235325026356881,0.2655029296875,0.258968709309896,0.06284656458199,0.2862548828125,0.275471666124132,0.0596165590048079
"69",10,8,0.47,39,1.5,0.25,1,-0.1513671875,-0.158390299479167,2.34996485451934,9.9951171875,8.41687717013889,2.86819448191381,0.81298828125,0.732481825086806,0.271996012078887,0.277099609375,0.280250108506944,0.0200020053398677,0.2813720703125,0.275592515733507,0.074605615183295,0.3375244140625,0.328782552083333,0.0893821108482835
"70",10,9,0.53,45,1.5,0.25,1,-0.1611328125,-0.119671766493056,2.49267652608593,9.9951171875,8.51670030381944,2.78995723688978,0.5615234375,0.525162217881944,0.185643588820268,0.2734375,0.277809109157986,0.0274260339814325,0.3143310546875,0.306490207248264,0.0833630504955154,0.3179931640625,0.324585300021701,0.101893958625208
"71",10,10,0.7,57,1.5,0.25,1,-0.15625,-0.153343641493056,2.42325933985778,9.9951171875,7.40297471788194,3.66443351991609,0.53466796875,0.448353135850694,0.228689885425374,0.289306640625,0.29376953125,0.0354741720882792,0.31982421875,0.293235134548611,0.10741179945651,0.379638671875,0.399239841037326,0.210838507764868
"72",11,1,0,1,0.75,0.25,1,-0.15625,-0.175705295138889,0.842085580429043,3.642578125,3.23905219184028,0.824081160593509,0.9521484375,0.890630967881944,0.440961935310627,0.303955078125,0.305018446180556,0.0161621984402958,0.1373291015625,0.137343614366319,0.0172769173296495,0.17333984375,0.173423800998264,0.0248586504130785
"73",11,2,0.04,3,0.75,0.25,1,-0.1611328125,-0.177616102430556,0.843476844855617,3.6328125,3.24575412326389,0.813370390666662,0.83251953125,0.785796440972222,0.379037983114511,0.30029296875,0.301545003255208,0.0143924877821005,0.1397705078125,0.140163031684028,0.0166547586968041,0.181884765625,0.185430433485243,0.0351167396423357
"74",11,3,0.07,10,0.75,0.25,1,-0.15625,-0.1788916015625,0.89991171114777,3.8720703125,3.46363226996528,0.864294575699627,0.89111328125,0.818321940104167,0.382789651261641,0.289306640625,0.290081651475694,0.0134332285354212,0.130615234375,0.130493299696181,0.0179939534928031,0.1708984375,0.170027737087674,0.029145032113854
"75",11,4,0.07,12,0.75,0.25,1,-0.15625,-0.178504231770833,0.980893493559592,4.228515625,3.77252821180556,0.96921940332682,0.90576171875,0.790779622395833,0.325070911570063,0.286865234375,0.288443739149306,0.0124846322431335,0.13427734375,0.133419053819444,0.017329834903092,0.18310546875,0.182019721137153,0.0348373286971046
"76",11,5,0.08,14,0.75,0.25,1,-0.1611328125,-0.178487413194444,0.979798459519562,4.208984375,3.77091254340278,0.951196704810867,1.34765625,1.19880832248264,0.494280134262026,0.306396484375,0.307197265625,0.0147829205450832,0.1318359375,0.130877075195312,0.0172279365727054,0.2276611328125,0.225722791883681,0.0606299495527432
"77",11,6,0.09,17,0.75,0.25,1,-0.15625,-0.169255642361111,1.0354181587623,4.4921875,3.96042643229167,1.09746904508616,1.15478515625,1.02156005859375,0.457543682395958,0.289306640625,0.290719401041667,0.0122029422202565,0.1348876953125,0.133320583767361,0.0189507481671739,0.21728515625,0.215826687282986,0.0559267439379055
"78",11,7,NA,19,0.75,0.25,1,-0.1513671875,-0.172023654513889,1.08681323755027,4.658203125,4.17605034722222,1.06421251947382,0.86181640625,0.79957763671875,0.294153562901368,0.284423828125,0.285408121744792,0.0148663385469957,0.1434326171875,0.142125176323785,0.0209214593736593,0.2099609375,0.208263075086806,0.0424343297304347
"79",11,8,0.12,21,0.75,0.25,1,-0.15625,-0.174998372395833,1.15388731823524,4.96337890625,4.41583767361111,1.2022054669008,0.7958984375,0.727619357638889,0.263264579330448,0.294189453125,0.294498426649306,0.0153935048917989,0.1507568359375,0.148270128038194,0.022837416968669,0.205078125,0.20299323187934,0.0376794030445574
"80",11,9,0.16,27,0.75,0.25,1,-0.15625,-0.168626302083333,1.09913455271634,4.7119140625,4.22973090277778,1.05792626874545,0.888671875,0.812413465711806,0.278151345306985,0.308837890625,0.309098985460069,0.0229779781215742,0.1470947265625,0.144993218315972,0.0209762657034115,0.1885986328125,0.186495090060764,0.0295292019743504
"81",11,10,0.18,33,0.75,0.25,1,-0.1513671875,-0.170934244791667,1.14651622608172,4.931640625,4.40241590711806,1.13173946087846,0.8544921875,0.763107638888889,0.262922853046361,0.277099609375,0.280044759114583,0.0200939102160597,0.150146484375,0.147798461914063,0.0224521762721522,0.1849365234375,0.181758965386285,0.0268413627111429
"82",11,11,0.2,39,0.75,0.25,1,-0.15625,-0.173843858506944,1.16493303341233,4.9462890625,4.49705946180556,1.04631464005989,0.75927734375,0.737079806857639,0.26081074573044,0.284423828125,0.288404134114583,0.0329399917851303,0.1593017578125,0.157854885525174,0.0241070403201866,0.2032470703125,0.207733696831597,0.043648913232024
"83",11,12,0.23,45,0.75,0.25,1,-0.14892578125,-0.162116970486111,1.17114139712991,5.0634765625,4.50500217013889,1.2282547561623,1.02783203125,0.968544650607639,0.381867757678403,0.2978515625,0.309024115668403,0.0675520412371334,0.1629638671875,0.160074530707465,0.0273927007453108,0.2130126953125,0.209839952256944,0.0424037142710987
"84",11,13,0.26,51,0.75,0.25,1,-0.1513671875,-0.169761284722222,1.33392590136522,5.68359375,5.14805881076389,1.29161132381609,0.638427734375,0.59539794921875,0.196467643722083,0.281982421875,0.285120578342014,0.0382128453660502,0.1629638671875,0.160522054036458,0.0289540888712724,0.2191162109375,0.2209228515625,0.0428326408527027
"85",11,14,NA,54,0.75,0.25,1,-0.15380859375,-0.166794162326389,1.31537290821549,5.6103515625,5.06591362847222,1.30901515901053,0.68115234375,0.624510904947917,0.220850137829578,0.274658203125,0.278728298611111,0.0394267495454071,0.1751708984375,0.17234368218316,0.029674984133469,0.2349853515625,0.238581000434028,0.0534747064429042
"86",11,15,0.31,57,0.75,0.25,1,-0.150146484375,-0.170746799045139,1.30134657931323,5.556640625,4.99252170138889,1.33584624731433,0.56640625,0.512203776041667,0.185797657828185,0.274658203125,0.278654649522569,0.0398798585000792,0.18798828125,0.183606703016493,0.0344808701729421,0.223388671875,0.221271497938368,0.0388424477832939
"87",11,16,0.37,63,0.75,0.25,1,-0.15380859375,-0.165536838107639,1.27413444489795,5.48828125,4.88654513888889,1.3105554537773,0.76171875,0.786002332899306,0.349657390161268,0.274658203125,0.280886637369792,0.0623401462533228,0.18310546875,0.180327555338542,0.0317790542164568,0.2325439453125,0.229436306423611,0.0420536320458459
"88",11,17,NA,67,0.75,0.25,1,-0.15625,-0.167022026909722,1.39883603326421,6.0009765625,5.38768608940972,1.43680901309782,0.74462890625,0.682528483072917,0.236573496300357,0.2685546875,0.270991889105903,0.0403589962507354,0.2069091796875,0.202143961588542,0.0383060554521087,0.25634765625,0.256844957139757,0.0527329867778883
"89",11,18,0.42,72,0.75,0.25,1,-0.14892578125,-0.165528157552083,1.48674116254426,6.328125,5.68869140625,1.45901283192044,0.576171875,0.532070041232639,0.161149759497965,0.267333984375,0.270396457248264,0.0435960672665205,0.216064453125,0.211625027126736,0.0392631256660819,0.2398681640625,0.241091986762153,0.0447241051516796
"90",11,19,0.47,80,0.75,0.25,1,-0.1513671875,-0.158633897569444,1.71126417048206,7.451171875,6.49938042534722,1.96452860947449,0.7080078125,0.65022216796875,0.198378414885818,0.2685546875,0.270394829644097,0.0199210531262463,0.20050048828125,0.196332058376736,0.0438731392187366,0.255126953125,0.253460150824653,0.0644370376877358
"91",11,20,0.57,86,0.75,0.25,1,-0.15380859375,-0.163118489583333,1.65333015366352,7.08984375,6.33213107638889,1.7103036179766,0.5712890625,0.538525390625,0.143569266324562,0.264892578125,0.267865261501736,0.0268159048845458,0.24658203125,0.240714518229167,0.0530799560694986,0.257568359375,0.26501702202691,0.069712700952459
"92",11,21,0.65,93,0.75,0.25,1,-0.1513671875,-0.159482150607639,1.75314043083727,7.607421875,6.63257269965278,2.04455147069419,0.58837890625,0.548267686631944,0.174712376312596,0.260009765625,0.267266303168403,0.0557467745913847,0.2264404296875,0.221920912000868,0.0518629947442565,0.264892578125,0.263265109592014,0.068727145225781
"93",11,22,0.68,100,0.75,0.25,1,-0.14892578125,-0.158704698350694,1.84791939037502,7.978515625,7.00619032118056,2.10986001830985,0.32470703125,0.305785319010417,0.0809194253310024,0.267333984375,0.271170789930556,0.0184908437777465,0.2569580078125,0.250666775173611,0.0621464258726693,0.281982421875,0.294767727322049,0.0992104542460714
"94",11,23,0.76,105,0.75,0.25,1,-0.15625,-0.165667860243056,1.63050476632272,7.1435546875,6.08095486111111,2.20339792502758,0.30517578125,0.28108642578125,0.0961591279957544,0.2685546875,0.271522488064236,0.0218154778914574,0.2471923828125,0.235162285698785,0.0667416287683944,0.360107421875,0.407152642144097,0.239114508755335
"95",12,1,NA,1,0.75,0.5,1,2.59332311181026e-09,0.18042666775954,22.3599406361891,2.59326482510147e-09,0.180427285476972,22.3599406312067,2.57888377319659e-09,0.360842371152597,31.6207018678562,2.59326426998996e-09,0.180426887483334,22.3599406344166,2.59076315956008e-09,1.07006489765076e-05,3.63306475425626e-05,2.59303778449294e-09,1.10345568521947e-05,3.66091143712115e-05
"96",12,2,0.05,3,0.75,0.5,1,-0.15380859375,-0.171014268663194,0.857670501108305,3.857421875,3.24385036892361,1.06211645493782,0.84716796875,0.881285807291667,0.532641451266931,0.313720703125,0.315548502604167,0.0191791708110856,0.14892578125,0.152762383355035,0.0318290097614707,0.1812744140625,0.185952419704861,0.039216166829509
"97",12,3,0.08,6,0.75,0.5,1,-0.1513671875,-0.171550021701389,0.992425252660375,4.4482421875,3.73174967447917,1.27628700753003,1.0546875,1.05147352430556,0.610510585478681,0.303955078125,0.304417182074653,0.0177668255121127,0.16357421875,0.166170247395833,0.0359914308582563,0.216064453125,0.219454210069444,0.0524104090448111
"98",12,4,NA,12,0.75,0.5,1,-0.15625,-0.172754448784722,1.10964899632266,4.94384765625,4.17779025607639,1.40192975621366,0.966796875,0.887854546440972,0.469181260955082,0.29296875,0.293081868489583,0.0142798589245136,0.17578125,0.176282687717014,0.0397196324102505,0.216064453125,0.217138400607639,0.050240447167139
"99",12,5,0.12,19,0.75,0.5,1,-0.15380859375,-0.169862196180556,1.24101547295678,5.5615234375,4.64845648871528,1.60889004110266,0.9423828125,0.80791259765625,0.38229848480536,0.306396484375,0.309149441189236,0.0521706950108695,0.1800537109375,0.179357638888889,0.0420311004248032,0.235595703125,0.236486952039931,0.060255745352845
"100",12,6,0.17,24,0.75,0.5,1,-0.1611328125,-0.170432671440972,1.35112751951913,6.0498046875,5.06292371961806,1.74541131508762,0.5078125,0.447621527777778,0.19244493128613,0.28564453125,0.292852105034722,0.0780561107408683,0.18768310546875,0.186409912109375,0.0429604674966424,0.230712890625,0.231507907443576,0.0537497086993208
"101",12,7,0.2,30,0.75,0.5,1,-0.15869140625,-0.167909342447917,1.45266383481274,6.3818359375,5.45245768229167,1.85829665912898,0.57861328125,0.551532118055556,0.2408951559549,0.27587890625,0.283720431857639,0.0683319123733329,0.21240234375,0.211630859375,0.0497947918447399,0.2813720703125,0.277884318033854,0.0750990169676951
"102",12,8,0.24,36,0.75,0.5,1,-0.15380859375,-0.168304036458333,1.5495447457015,6.8310546875,5.82058485243056,1.97927783022584,0.498046875,0.486299641927083,0.208535077105754,0.2685546875,0.273066541883681,0.0523482750542118,0.230712890625,0.225344645182292,0.0583523593062946,0.286865234375,0.278598904079861,0.065826151902107
"103",12,9,0.32,42,0.75,0.5,1,-0.15869140625,-0.165129665798611,1.7713437576279,7.8125,6.64011935763889,2.27806484305423,0.61767578125,0.59900390625,0.256197967250253,0.26611328125,0.271348605685764,0.0636925657866074,0.2276611328125,0.218831380208333,0.0596351383734445,0.284423828125,0.279601576063368,0.0762644819760185
"104",12,10,NA,45,0.75,0.5,1,-0.14892578125,-0.161097005208333,1.74510564044789,7.71484375,6.55355251736111,2.23627601473275,0.55419921875,0.551819932725694,0.243071336978768,0.267333984375,0.272647569444444,0.0657948721735592,0.225830078125,0.216953531901042,0.0587678970347367,0.277099609375,0.273035346137153,0.0745364995040133
"105",12,11,0.4,49,0.75,0.5,1,-0.147705078125,-0.156299370659722,1.82450966036668,8.251953125,6.80198893229167,2.47093305332536,0.71044921875,0.693984646267361,0.310455582878646,0.26611328125,0.270685628255208,0.0547475519639016,0.21728515625,0.21152581108941,0.0560068789345809,0.2703857421875,0.267952406141493,0.0758441413725703
"106",12,12,0.45,55,0.75,0.5,1,-0.14892578125,-0.155722384982639,1.79613801417643,7.3583984375,6.61998046875,2.64202061979006,0.55908203125,0.540943196614583,0.242258677949861,0.2685546875,0.273630913628472,0.0682165378872532,0.2197265625,0.213285590277778,0.0579595199917132,0.2716064453125,0.271208157009549,0.0872411939447053
"107",12,13,0.49,61,0.75,0.5,1,-0.15380859375,-0.160176323784722,1.9082487780259,8.701171875,7.11203884548611,2.58202516876395,0.43212890625,0.412654622395833,0.163488182869295,0.26611328125,0.268084174262153,0.0323089123372058,0.2191162109375,0.213763156467014,0.0561277275931455,0.2752685546875,0.268085666232639,0.0728530938305337
"108",12,14,0.58,67,0.75,0.5,1,-0.14892578125,-0.157038031684028,2.0961474046712,9.5166015625,7.81307400173611,2.80626182916592,0.36376953125,0.344841851128472,0.115847362129337,0.262451171875,0.263566216362847,0.0113371409697362,0.220947265625,0.214769015842014,0.0562434424267613,0.2679443359375,0.263731486002604,0.0707188637427928
"109",12,15,0.65,74,0.75,0.5,1,-0.15625,-0.157246365017361,2.23164110056812,9.9951171875,8.10862358940972,2.77363095410167,0.33935546875,0.320022243923611,0.0971902317797085,0.2587890625,0.260037027994792,0.0119647629226516,0.2557373046875,0.24797844780816,0.0651599207732345,0.308837890625,0.309976535373264,0.0938098205343248
"110",5,1,0,0,1.5,0.5,2,-0.15380859375,-0.16209228515625,1.76368545798438,7.47802734375,6.40723904079861,2.81547085200857,1.24755859375,1.21017225477431,0.564743008111048,0.3125,0.310096435546875,0.0194366106670147,0.174560546875,0.177410278320313,0.0469696894534894,0.1763916015625,0.171554972330729,0.0449690289388582
"111",5,2,0.16,3,1.5,0.5,2,-0.1611328125,-0.185230034722222,2.12395695148506,9.0478515625,7.48169325086806,3.11636061354038,0.83251953125,0.871706271701389,0.440589915515047,0.281982421875,0.283932291666667,0.0140398020016519,0.18310546875,0.186570502387153,0.0707641822013594,0.17578125,0.179505276150174,0.0354202835273364
"112",5,3,0.29,6,1.5,0.5,2,-0.166015625,-0.198619249131944,2.06731186313433,8.7353515625,7.28827528211806,3.12073991305129,0.83251953125,0.8328125,0.400306894827545,0.283203125,0.284976128472222,0.0168698278204253,0.18798828125,0.193091295030382,0.0600673779202256,0.179443359375,0.180983208550347,0.0374640978008839
"113",5,4,0.44,9,1.5,0.5,2,-0.1513671875,-0.162388780381944,2.75875982008992,9.9951171875,8.1195654296875,3.16297966353126,1.10107421875,1.06261555989583,0.416094879306348,0.267333984375,0.272441813151042,0.0407047969580447,0.2459716796875,0.256787584092882,0.089783146346964,0.225830078125,0.228311496310764,0.0568382168604997
"114",5,5,0.53,12,1.5,0.5,2,-0.1513671875,-0.151324327256944,2.99590165374185,9.9951171875,8.20074001736111,3.11922988359123,1.02783203125,0.98425048828125,0.38385488535796,0.264892578125,0.270933430989583,0.0513458193608537,0.252685546875,0.265697903103299,0.0994927628599182,0.2374267578125,0.243845825195313,0.0704510785470082
"115",5,6,0.74,15,1.5,0.5,2,-0.1513671875,-0.149998372395833,3.46803794200604,9.9951171875,8.22286241319444,3.1350959211672,1.173095703125,1.08813503689236,0.450146394607777,0.263671875,0.272200792100694,0.044352539403619,0.2716064453125,0.27254889594184,0.0917089847201852,0.27587890625,0.277370808919271,0.085195183322428
"116",6,1,0,0,1.5,0.25,2,-0.1513671875,-0.165491536458333,1.37107043923615,5.78125,5.19884114583333,1.47920178719883,0.82763671875,0.787553439670139,0.278719076488701,0.274658203125,0.276335042317708,0.0108489413327377,0.020751953125,0.0207210286458333,0.000474676741986129,0.13916015625,0.139134996202257,0.013803120259612
"117",7,1,0,1,0.75,0.25,2,-0.15380859375,-0.176091579861111,0.860537280527823,3.642578125,3.34407660590278,0.719199311011173,0.5029296875,0.524914008246528,0.207455510794309,0.302734375,0.305843777126736,0.0158575589370786,0.1171875,0.117781168619792,0.0129532964748156,0.125732421875,0.126092868381076,0.012163703084198
"118",7,2,0.09,3,0.75,0.25,2,-0.15869140625,-0.175251736111111,0.970770814094443,4.0966796875,3.77240885416667,0.807044598183849,0.5908203125,0.61489013671875,0.222717259054923,0.33203125,0.332490776909722,0.0157064759212393,0.1214599609375,0.123524644639757,0.0163180192859026,0.1312255859375,0.133641628689236,0.0171408303134117
"119",7,3,0.13,6,0.75,0.25,2,-0.157470703125,-0.179347873263889,1.04604901602548,4.51171875,4.01692925347222,1.0530977628868,0.64208984375,0.660612250434028,0.268953645179411,0.29052734375,0.295828586154514,0.0194310091667206,0.1043701171875,0.105724894205729,0.014244831126092,0.1385498046875,0.143166639539931,0.0266334084302763
"120",7,4,0.22,10,0.75,0.25,2,-0.155029296875,-0.172521158854167,1.24809764550271,5.33203125,4.79750868055556,1.21945973215689,0.93505859375,0.90732421875,0.304537341393796,0.323486328125,0.322571614583333,0.0221896047804893,0.02197265625,0.0216122775607639,0.000597235083964041,0.1605224609375,0.163917032877604,0.0253025142842492
"121",7,5,0.24,13,0.75,0.25,2,-0.1513671875,-0.163349338107639,1.26977652220005,5.7080078125,4.74916829427083,1.67047525931585,0.986328125,0.883101671006944,0.405200882242957,0.30029296875,0.301877712673611,0.0217804512729749,0.145263671875,0.146365559895833,0.0273599897091342,0.16845703125,0.177232733832465,0.0435454747937011
"122",7,6,0.34,15,0.75,0.25,2,-0.14892578125,-0.161854383680556,1.3725853185289,5.95703125,5.22465657552083,1.52168734242366,1.04736328125,0.961670735677083,0.368936780724404,0.318603515625,0.317572835286458,0.0139430885260316,0.147705078125,0.148747151692708,0.0256429994060254,0.172119140625,0.181675279405382,0.0446688992033822
"123",7,7,0.46,19,0.75,0.25,2,-0.1513671875,-0.160401746961806,1.42957629597879,6.2548828125,5.4656494140625,1.5678616267692,1.30615234375,1.17824435763889,0.444434199899576,0.306396484375,0.306308729383681,0.0350656393294579,0.150146484375,0.149096815321181,0.0208387476816104,0.177001953125,0.179496731228299,0.0305224869814677
"124",7,8,NA,21,0.75,0.25,2,-0.152587890625,-0.159867621527778,1.44699281734689,6.34765625,5.44808865017361,1.72108066801323,1.02294921875,0.94590576171875,0.383199101839279,0.2783203125,0.286767849392361,0.0597575861087101,0.155029296875,0.154955919053819,0.0301208708033208,0.1708984375,0.18091301812066,0.0425067191000438
"125",8,1,0,0,0.75,0.5,2,-0.15625,-0.168410101996528,1.23712165304461,5.60546875,4.61735948350694,1.65861543124517,0.71533203125,0.718395453559028,0.333468850032639,0.328369140625,0.326869710286458,0.017138770889608,0.1336669921875,0.134149102105035,0.0189316364524047,0.1483154296875,0.14828850640191,0.0155716812623225
"126",8,2,0.18,3,0.75,0.5,2,-0.15625,-0.165267469618056,1.35873470087684,6.2255859375,5.06715060763889,1.86613530577999,0.80078125,0.797957628038194,0.371390358124017,0.308837890625,0.30914306640625,0.0187618259263128,0.1513671875,0.152107272677951,0.0267301083046677,0.1629638671875,0.168210856119792,0.0329303273589865
"127",8,3,0.3,6,0.75,0.5,2,-0.15380859375,-0.160481499565972,1.57562334042897,7.2314453125,5.84636176215278,2.22467948489083,1.00830078125,0.973705240885417,0.398727122950508,0.302734375,0.303227674696181,0.0139200203036191,0.0189208984375,0.0491761610243056,0.0586770799753048,0.1800537109375,0.1879638671875,0.0429625691362361
"128",8,4,NA,8,0.75,0.5,2,-0.15380859375,-0.163776584201389,1.57509313304651,7.1875,5.84398491753472,2.20775819161082,1.044921875,0.994234483506944,0.398994454666336,0.311279296875,0.311519639756944,0.0248829839114957,0.16357421875,0.163780381944444,0.0311101560599792,0.1788330078125,0.188580932617188,0.0448557991855749
"129",8,5,0.44,9,0.75,0.5,2,-0.14892578125,-0.162175835503472,1.63517147889716,7.5146484375,6.06375217013889,2.30479612825243,0.986328125,0.936098904079861,0.382132294658216,0.277099609375,0.280432671440972,0.0225920039625134,0.1690673828125,0.169575398763021,0.0343571700010138,0.186767578125,0.206699354383681,0.0649090698479101
"130",8,6,0.62,12,0.75,0.5,2,-0.152587890625,-0.162838270399306,1.7993365760539,8.3349609375,6.62798502604167,2.62800918951416,1.30615234375,1.22512017144097,0.474731747888339,0.272216796875,0.274838053385417,0.0126733993315333,0.1751708984375,0.173212687174479,0.0337414101488466,0.2008056640625,0.205679660373264,0.048261007600705
"131",13,1,NA,1,0.75,0.25,2,-0.15625,-0.173671875,0.982529667133,4.326171875,3.74233018663194,1.14569688879889,0.60302734375,0.598298068576389,0.325036288233349,0.2978515625,0.301226671006944,0.0180680996943905,0.1104736328125,0.110843641493056,0.0124811955261047,0.1239013671875,0.124118177625868,0.0125076662826994
"132",13,2,NA,2,0.75,0.25,2,-0.15380859375,-0.175270453559028,0.935733786566346,3.955078125,3.64528754340278,0.785783209018274,0.556640625,0.550237087673611,0.205068429251803,0.296630859375,0.298376871744792,0.0130431079209513,0.1116943359375,0.114311862521701,0.0160780364336965,0.1251220703125,0.126962415907118,0.0156667889425209
"133",13,3,0.1,4,0.75,0.25,2,-0.15380859375,-0.1670361328125,1.00567587735081,4.248046875,3.92024305555556,0.843007558021776,0.625,0.602395833333333,0.2044696771864,0.281982421875,0.283304036458333,0.0207975189664722,0.10009765625,0.102354939778646,0.0161852723790172,0.1312255859375,0.134354654947917,0.020350993354658
"134",13,4,0.13,7,0.75,0.25,2,-0.15625,-0.178706868489583,1.08980412791242,4.5947265625,4.23462782118056,0.934609035279951,0.6396484375,0.623637152777778,0.209774169399569,0.283203125,0.285889214409722,0.0183111409988593,0.1190185546875,0.122344563802083,0.0218196305400961,0.1373291015625,0.146412489149306,0.0382103468777196
"135",13,5,0.17,11,0.75,0.25,2,-0.17333984375,-0.181108940972222,1.18135245261564,5.0830078125,4.53376898871528,1.23407937434298,0.69580078125,0.637682291666667,0.214211839645643,0.284423828125,0.287694091796875,0.0154775036468751,0.1239013671875,0.119412773980035,0.0289732556151946,0.1385498046875,0.140348714192708,0.0201424339723673
"136",13,6,0.32,16,0.75,0.25,2,-0.15625,-0.172339680989583,1.38537414629196,5.908203125,5.31859917534722,1.37721279138766,0.96923828125,0.930931803385417,0.325496376711448,0.28076171875,0.282563340928819,0.0295335943918478,0.1348876953125,0.137583414713542,0.025423192470966,0.1544189453125,0.16130126953125,0.0357538691330022
"137",13,7,0.38,19,0.75,0.25,2,-0.15625,-0.171377495659722,1.47992778810052,6.30859375,5.73372178819444,1.32516588338282,0.90087890625,0.9401025390625,0.343616214889002,0.2783203125,0.279420030381944,0.0173326050631354,0.1385498046875,0.138338351779514,0.0383843616261003,0.15869140625,0.165851847330729,0.0328729379252059
"138",13,8,0.49,22,0.75,0.25,2,-0.1611328125,-0.168435329861111,1.52422357894873,6.6064453125,5.83129014756944,1.61154578089697,0.8984375,0.932082248263889,0.366094854332887,0.269775390625,0.272722846137153,0.0316210109238184,0.146484375,0.149566107855903,0.0306926638866169,0.17333984375,0.190141126844618,0.0589151302678751
"139",13,9,0.56,25,0.75,0.25,2,-0.15625,-0.168773600260417,1.59001876998474,6.9873046875,6.03928602430556,1.83358519434818,0.83251953125,0.8648681640625,0.362278180233896,0.27099609375,0.277505696614583,0.0561349957172788,0.147705078125,0.146537950303819,0.0211961609769458,0.1690673828125,0.173385891384549,0.0336324265546573
"140",13,10,0.68,29,0.75,0.25,2,-0.15380859375,-0.160923936631944,1.8568382795041,8.1103515625,7.08458984375,2.05929512412834,1.3037109375,1.22960910373264,0.400980804009803,0.264892578125,0.267363823784722,0.0266824420495586,0.16357421875,0.162533908420139,0.0275925560540913,0.19287109375,0.193359578450521,0.0333569466890842
"141",13,11,0.83,32,0.75,0.25,2,-0.15625,-0.155506727430556,2.00550663879985,8.6181640625,7.72520562065972,1.94264156837321,1.224365234375,1.149814453125,0.309593642110919,0.2685546875,0.270004340277778,0.0192389929788775,0.17120361328125,0.177956203884549,0.0415642020956586,0.1837158203125,0.20086432562934,0.0547940236003706
"142",13,12,0.92,35,0.75,0.25,2,-0.15380859375,-0.159316134982639,2.08900763203977,9.0771484375,7.95295844184028,2.27157559536117,1.06201171875,1.01493787977431,0.31227535921424,0.264892578125,0.267913275824653,0.0174363824220469,0.17578125,0.181958414713542,0.0465003179859501,0.1861572265625,0.214468451605903,0.0774979277130046
"143",13,13,1.07,38,0.75,0.25,2,-0.1513671875,-0.162846950954861,2.14608377249772,9.3017578125,8.15504448784722,2.44324642348103,0.877685546875,0.861396755642361,0.320381973708807,0.263671875,0.265647922092014,0.0247460807838025,0.1800537109375,0.191338704427083,0.0566574064218774,0.205078125,0.224618462456597,0.0739717367008339
"144",13,14,1.3,42,0.75,0.25,2,-0.15380859375,-0.157680392795139,2.41192347544592,9.9951171875,8.54115180121528,2.71702363717241,1.03759765625,0.978306206597222,0.370171927512193,0.26611328125,0.268532036675347,0.0176797620721173,0.1885986328125,0.189409993489583,0.0425513290087074,0.201416015625,0.199357096354167,0.03571754545693
"145",13,15,1.53,45,0.75,0.25,2,-0.1513671875,-0.158185763888889,2.4519425303232,9.9951171875,8.87022135416667,2.34640120653381,0.732421875,0.719689398871528,0.256096724206515,0.264892578125,0.267156711154514,0.0259780108445757,0.1837158203125,0.195482177734375,0.0533807393953094,0.185546875,0.21624030219184,0.0779736463414298
"146",14,1,NA,1,0.75,0.5,2,-0.1513671875,-0.163854437934028,1.25405206377101,5.7177734375,4.68811848958333,1.74443258977398,0.751953125,0.778334418402778,0.403994983016132,0.3125,0.315646430121528,0.0162590002334531,0.1348876953125,0.137074313693576,0.0265951212695551,0.1416015625,0.143774278428819,0.0211062512512217
"147",14,2,0.09,3,0.75,0.5,2,-0.15625,-0.165693630642361,1.44074416893113,6.6015625,5.39030002170139,2.01234226962646,0.70556640625,0.711073404947917,0.346622840959521,0.30517578125,0.307877604166667,0.0221548398952982,0.1470947265625,0.150743543836806,0.0359083028000062,0.1531982421875,0.163026055230035,0.0440020531467342
"148",14,3,0.17,6,0.75,0.5,2,-0.15380859375,-0.170680609809028,1.6083519680289,7.373046875,5.99202853732639,2.26169180101321,1.162109375,1.15416178385417,0.511521535535729,0.296630859375,0.307102186414931,0.0733682742349135,0.1544189453125,0.156681247287326,0.0362326734452262,0.1763916015625,0.187222493489583,0.0523490377097702
"149",14,4,0.24,9,0.75,0.5,2,-0.15625,-0.168062879774306,1.6809089314456,7.6416015625,6.27558376736111,2.33832004416352,1.09130859375,1.06672227647569,0.441041842792795,0.289306640625,0.303295627170139,0.0997256658187703,0.15869140625,0.161352064344618,0.0382137899960115,0.1788330078125,0.191110568576389,0.0563584412936861
"150",14,5,NA,11,0.75,0.5,2,-0.16357421875,-0.173284233940972,1.64462995593069,7.51953125,6.13980143229167,2.31212265632137,1.0986328125,1.06871527777778,0.43585143599444,0.294189453125,0.3003125,0.0451789530059916,0.15869140625,0.16089592827691,0.0360137242259207,0.1812744140625,0.192432793511285,0.055543907950075
"151",14,6,0.35,12,0.75,0.5,2,-0.15869140625,-0.1639990234375,1.85898656728193,8.6767578125,6.8714404296875,2.77636924489002,0.888671875,0.881220160590278,0.407032076172605,0.27587890625,0.286527370876736,0.0759983592483436,0.1678466796875,0.169337972005208,0.0437990522197199,0.194091796875,0.209617513020833,0.0699797611472547
"152",14,8,0.6,18,0.75,0.5,2,-0.15625,-0.167738172743056,2.23062254280857,9.9951171875,7.90260145399306,3.15646714758627,0.96923828125,0.944054904513889,0.413801606290798,0.2734375,0.279992268880208,0.0541227041815518,0.20263671875,0.207665337456597,0.0763660783539591,0.238037109375,0.278556722005208,0.150362563998584
"153",14,9,0.81,21,0.75,0.5,2,-0.1513671875,-0.156502278645833,2.41463052945317,9.9951171875,8.0061865234375,3.1396524626575,0.908203125,0.852413194444444,0.386351327214264,0.2685546875,0.279007703993056,0.0701040879374872,0.205078125,0.21581780327691,0.0856034123611189,0.2508544921875,0.28988030327691,0.140796770222997
"154",14,10,1.14,24,0.75,0.5,2,-0.15625,-0.157023654513889,2.61118702269235,9.9951171875,8.06529568142361,3.08715615245576,1.00830078125,0.954085557725694,0.383666293559726,0.2685546875,0.272817789713542,0.0306940743704057,0.2008056640625,0.199755588107639,0.0584877154325794,0.24658203125,0.245531005859375,0.0690397450317786
"155",15,1,NA,1,1.5,0.25,2,-0.15625,-0.175169270833333,1.46466256688522,6.3232421875,5.584794921875,1.62706387073157,0.6640625,0.699507107204861,0.35874508831453,0.2783203125,0.281088053385417,0.0272127426964953,0.137939453125,0.145794813368056,0.0369273662909316,0.14404296875,0.152136637369792,0.0353642758807257
"156",15,2,0.15,3,1.5,0.25,2,-0.1513671875,-0.162623697916667,1.76763040591211,7.6416015625,6.72735297309028,1.95908508665195,0.81787109375,0.868598361545139,0.410543071062144,0.269775390625,0.273362901475694,0.0273687916131704,0.166015625,0.181760999891493,0.0604019257050311,0.15869140625,0.171741536458333,0.0437483477367144
"157",15,3,0.28,6,1.5,0.25,2,-0.15625,-0.161012369791667,1.89706290977183,8.2861328125,7.19043674045139,2.25888097227285,0.87646484375,0.877746310763889,0.413575085799974,0.2783203125,0.280195583767361,0.0225785435797866,0.1708984375,0.18654534233941,0.0660982248752948,0.1727294921875,0.198160061306424,0.0728632961673862
"158",15,4,0.37,9,1.5,0.25,2,-0.15625,-0.158005099826389,2.03747543249721,8.9990234375,7.68432779947917,2.49897645416083,0.87890625,0.884980740017361,0.397474469289161,0.27099609375,0.274673394097222,0.0324380396270904,0.189208984375,0.209031304253472,0.0785983823384174,0.1837158203125,0.217022840711806,0.0928113198579055
"159",15,5,0.48,13,1.5,0.25,2,-0.1513671875,-0.157005208333333,2.19735824323496,9.6044921875,8.32570583767361,2.5849990905303,1.0107421875,0.9407958984375,0.311676312342293,0.263671875,0.264927571614583,0.0123727984764079,0.17822265625,0.180975206163194,0.0417102343691976,0.196533203125,0.197532212999132,0.0412995127278647
"160",15,6,0.56,16,1.5,0.25,2,-0.1513671875,-0.164513888888889,2.21193561987811,9.541015625,8.38123209635417,2.54747274114881,0.99609375,1.01783908420139,0.440739561556058,0.262451171875,0.269019639756944,0.0500932768820219,0.22216796875,0.243537122938368,0.0930486247649133,0.205078125,0.230709499782986,0.0778090034761993
"161",15,7,0.7,19,1.5,0.25,2,-0.1513671875,-0.128004014756944,2.44295593047436,9.9951171875,8.72860622829861,2.66012025032098,0.86669921875,0.868576388888889,0.368020671411536,0.264892578125,0.269678955078125,0.041116244579906,0.24169921875,0.266529608832465,0.116166039648136,0.244140625,0.293782958984375,0.142572098920126
"162",16,1,NA,1,1.5,0.5,2,-0.16357421875,-0.167865397135417,2.1971232622177,9.9951171875,7.81043240017361,3.24703026884461,0.8447265625,0.933438856336806,0.524856075122072,0.31494140625,0.321360812717014,0.0278859949419851,0.1959228515625,0.205609605577257,0.0670701937452371,0.1788330078125,0.189455159505208,0.0553236458568876
"163",16,2,NA,2,1.5,0.5,2,-0.1513671875,-0.151595052083333,2.34710622159069,9.9951171875,7.84510850694444,3.26721350090557,0.78857421875,0.784774305555556,0.371004374665634,0.311279296875,0.317000325520833,0.0351794482681307,0.2032470703125,0.205215182834201,0.0572016472830803,0.1910400390625,0.198830973307292,0.0552225256530101
"164",16,3,0.24,3,1.5,0.5,2,-0.15869140625,-0.155831163194444,2.49298346067972,9.9951171875,7.90240397135417,3.26850152961289,1.20849609375,1.15239339192708,0.504794569813405,0.301513671875,0.303700900607639,0.0144825138129345,0.216064453125,0.216454128689236,0.0631380842807081,0.2227783203125,0.223746880425347,0.0564634534134593
"165",16,4,NA,4,1.5,0.5,2,-0.15380859375,-0.153843858506944,2.66539202370963,9.9951171875,8.01391710069444,3.24140665444722,1.3134765625,1.26906494140625,0.548176737700028,0.29296875,0.297410481770833,0.0334541208876785,0.2484130859375,0.265005696614583,0.106625257498927,0.2349853515625,0.250325520833333,0.0847666828090962
"166",16,5,0.4,6,1.5,0.5,2,-0.15625,-0.152746853298611,2.72402997189479,9.9951171875,8.07439073350695,3.18993106774459,1.11572265625,1.06394314236111,0.470270680426137,0.283203125,0.287872450086806,0.0419292373175315,0.2447509765625,0.264926215277778,0.110956866274214,0.2362060546875,0.255498250325521,0.098567726827621
"167",16,6,0.62,9,1.5,0.5,2,-0.15625,-0.142773980034722,2.71932647646594,9.9951171875,8.01692979600694,3.25209886484404,1.00341796875,0.921659342447917,0.410499246877101,0.27587890625,0.279259575737847,0.0224431381864864,0.211181640625,0.227267049153646,0.10802984847402,0.224609375,0.270738254123264,0.164305249930444
